id	desc	URL
10123500_24_207	single domain, from Rhodothermus marinus DSM 4252	http://microbesonline.org/cgi-bin/fetchLocus.cgi?locus=10123500
10124178_60_252	single domain, from Rhodothermus marinus DSM 4252	http://microbesonline.org/cgi-bin/fetchLocus.cgi?locus=10124178
10124297_42_237	single domain, near sugar dehydrogenase, from Rhodothermus marinus DSM 4252	http://microbesonline.org/cgi-bin/fetchLocus.cgi?locus=10124297
10261505_34_245	single domain, from Spirosoma linguale DSM 74	http://microbesonline.org/cgi-bin/fetchLocus.cgi?locus=10261505
10261707_35_226	single domain, from Spirosoma linguale DSM 74	http://microbesonline.org/cgi-bin/fetchLocus.cgi?locus=10261707
10261883_44_238	single domain, from Spirosoma linguale DSM 74	http://microbesonline.org/cgi-bin/fetchLocus.cgi?locus=10261883
10262035_36_257	single domain, near sugar dehydrogenase, from Spirosoma linguale DSM 74	http://microbesonline.org/cgi-bin/fetchLocus.cgi?locus=10262035
10262249_29_210	single domain, from Spirosoma linguale DSM 74	http://microbesonline.org/cgi-bin/fetchLocus.cgi?locus=10262249
10262955_55_239	with other domain, from Spirosoma linguale DSM 74	http://microbesonline.org/cgi-bin/fetchLocus.cgi?locus=10262955
10263988_28_269	single domain, from Spirosoma linguale DSM 74	http://microbesonline.org/cgi-bin/fetchLocus.cgi?locus=10263988
10264138_35_240	single domain, from Spirosoma linguale DSM 74	http://microbesonline.org/cgi-bin/fetchLocus.cgi?locus=10264138
10264462_41_252	single domain, from Spirosoma linguale DSM 74	http://microbesonline.org/cgi-bin/fetchLocus.cgi?locus=10264462
10264554_57_259	single domain, from Spirosoma linguale DSM 74	http://microbesonline.org/cgi-bin/fetchLocus.cgi?locus=10264554
10265233_27_278	single domain, from Spirosoma linguale DSM 74	http://microbesonline.org/cgi-bin/fetchLocus.cgi?locus=10265233
10265754_21_224	single domain, from Spirosoma linguale DSM 74	http://microbesonline.org/cgi-bin/fetchLocus.cgi?locus=10265754
10265874_65_266	single domain, from Spirosoma linguale DSM 74	http://microbesonline.org/cgi-bin/fetchLocus.cgi?locus=10265874
10265875_78_253	with other domain, from Spirosoma linguale DSM 74	http://microbesonline.org/cgi-bin/fetchLocus.cgi?locus=10265875
10266833_46_287	single domain, from Spirosoma linguale DSM 74	http://microbesonline.org/cgi-bin/fetchLocus.cgi?locus=10266833
10266839_23_196	single domain, from Spirosoma linguale DSM 74	http://microbesonline.org/cgi-bin/fetchLocus.cgi?locus=10266839
10267460_32_215	single domain, from Spirosoma linguale DSM 74	http://microbesonline.org/cgi-bin/fetchLocus.cgi?locus=10267460
10267558_28_254	single domain, from Spirosoma linguale DSM 74	http://microbesonline.org/cgi-bin/fetchLocus.cgi?locus=10267558
10267694_39_236	single domain, near sugar dehydrogenase, from Spirosoma linguale DSM 74	http://microbesonline.org/cgi-bin/fetchLocus.cgi?locus=10267694
10270655_87_292	single domain, from Salinibacter ruber	http://microbesonline.org/cgi-bin/fetchLocus.cgi?locus=10270655
10276928_62_295	single domain, from Caulobacter segnis ATCC 21756	http://microbesonline.org/cgi-bin/fetchLocus.cgi?locus=10276928
10276935_51_253	single domain, from Caulobacter segnis ATCC 21756	http://microbesonline.org/cgi-bin/fetchLocus.cgi?locus=10276935
10304005_145_321	single domain, from Pirellula staleyi DSM 6068	http://microbesonline.org/cgi-bin/fetchLocus.cgi?locus=10304005
10304490_28_223	single domain, from Pirellula staleyi DSM 6068	http://microbesonline.org/cgi-bin/fetchLocus.cgi?locus=10304490
10304809_24_215	single domain, from Pirellula staleyi DSM 6068	http://microbesonline.org/cgi-bin/fetchLocus.cgi?locus=10304809
10304981_33_231	single domain, from Pirellula staleyi DSM 6068	http://microbesonline.org/cgi-bin/fetchLocus.cgi?locus=10304981
10305003_64_292	single domain, from Pirellula staleyi DSM 6068	http://microbesonline.org/cgi-bin/fetchLocus.cgi?locus=10305003
10305007_30_233	single domain, from Pirellula staleyi DSM 6068	http://microbesonline.org/cgi-bin/fetchLocus.cgi?locus=10305007
10305962_52_238	single domain, from Pirellula staleyi DSM 6068	http://microbesonline.org/cgi-bin/fetchLocus.cgi?locus=10305962
10306075_34_230	single domain, from Pirellula staleyi DSM 6068	http://microbesonline.org/cgi-bin/fetchLocus.cgi?locus=10306075
10306114_33_218	single domain, from Pirellula staleyi DSM 6068	http://microbesonline.org/cgi-bin/fetchLocus.cgi?locus=10306114
10306622_29_229	with redox domain, from Pirellula staleyi DSM 6068	http://microbesonline.org/cgi-bin/fetchLocus.cgi?locus=10306622
10307238_38_222	single domain, from Pirellula staleyi DSM 6068	http://microbesonline.org/cgi-bin/fetchLocus.cgi?locus=10307238
10307429_254_433	single domain, from Pirellula staleyi DSM 6068	http://microbesonline.org/cgi-bin/fetchLocus.cgi?locus=10307429
10307462_24_223	single domain, from Pirellula staleyi DSM 6068	http://microbesonline.org/cgi-bin/fetchLocus.cgi?locus=10307462
10307487_204_385	tandem domain, from Pirellula staleyi DSM 6068	http://microbesonline.org/cgi-bin/fetchLocus.cgi?locus=10307487
10307487_41_200	tandem domain, from Pirellula staleyi DSM 6068	http://microbesonline.org/cgi-bin/fetchLocus.cgi?locus=10307487
10307627_52_286	single domain, from Pirellula staleyi DSM 6068	http://microbesonline.org/cgi-bin/fetchLocus.cgi?locus=10307627
10307912_359_538	tandem domain, from Pirellula staleyi DSM 6068	http://microbesonline.org/cgi-bin/fetchLocus.cgi?locus=10307912
10307912_189_353	tandem domain, from Pirellula staleyi DSM 6068	http://microbesonline.org/cgi-bin/fetchLocus.cgi?locus=10307912
10307987_154_329	single domain, from Pirellula staleyi DSM 6068	http://microbesonline.org/cgi-bin/fetchLocus.cgi?locus=10307987
10308048_23_199	single domain, from Pirellula staleyi DSM 6068	http://microbesonline.org/cgi-bin/fetchLocus.cgi?locus=10308048
10343720_38_183	single domain, from Allochromatium vinosum DSM 180	http://microbesonline.org/cgi-bin/fetchLocus.cgi?locus=10343720
10356339_57_245	single domain, from Coraliomargarita akajimensis DSM 45221	http://microbesonline.org/cgi-bin/fetchLocus.cgi?locus=10356339
10356341_141_326	single domain, from Coraliomargarita akajimensis DSM 45221	http://microbesonline.org/cgi-bin/fetchLocus.cgi?locus=10356341
10356451_80_281	single domain, from Coraliomargarita akajimensis DSM 45221	http://microbesonline.org/cgi-bin/fetchLocus.cgi?locus=10356451
10356452_324_537	with other domain, from Coraliomargarita akajimensis DSM 45221	http://microbesonline.org/cgi-bin/fetchLocus.cgi?locus=10356452
10356681_30_214	single domain, from Coraliomargarita akajimensis DSM 45221	http://microbesonline.org/cgi-bin/fetchLocus.cgi?locus=10356681
10356726_29_240	single domain, near sugar dehydrogenase, from Coraliomargarita akajimensis DSM 45221	http://microbesonline.org/cgi-bin/fetchLocus.cgi?locus=10356726
10356800_33_206	single domain, near sugar dehydrogenase, from Coraliomargarita akajimensis DSM 45221	http://microbesonline.org/cgi-bin/fetchLocus.cgi?locus=10356800
10356892_75_261	single domain, near sugar dehydrogenase, from Coraliomargarita akajimensis DSM 45221	http://microbesonline.org/cgi-bin/fetchLocus.cgi?locus=10356892
10356894_73_257	single domain, from Coraliomargarita akajimensis DSM 45221	http://microbesonline.org/cgi-bin/fetchLocus.cgi?locus=10356894
10356898_71_256	single domain, from Coraliomargarita akajimensis DSM 45221	http://microbesonline.org/cgi-bin/fetchLocus.cgi?locus=10356898
10357232_410_572	with other domain, from Coraliomargarita akajimensis DSM 45221	http://microbesonline.org/cgi-bin/fetchLocus.cgi?locus=10357232
10359233_256_442	tandem domain, from Coraliomargarita akajimensis DSM 45221	http://microbesonline.org/cgi-bin/fetchLocus.cgi?locus=10359233
10359233_59_249	tandem domain, from Coraliomargarita akajimensis DSM 45221	http://microbesonline.org/cgi-bin/fetchLocus.cgi?locus=10359233
10359241_63_261	single domain, near sugar dehydrogenase, from Coraliomargarita akajimensis DSM 45221	http://microbesonline.org/cgi-bin/fetchLocus.cgi?locus=10359241
10359243_331_522	with redox domain, from Coraliomargarita akajimensis DSM 45221	http://microbesonline.org/cgi-bin/fetchLocus.cgi?locus=10359243
10359430_45_269	single domain, from Coraliomargarita akajimensis DSM 45221	http://microbesonline.org/cgi-bin/fetchLocus.cgi?locus=10359430
10426141_66_259	single domain, from Zunongwangia profunda SM-A87	http://microbesonline.org/cgi-bin/fetchLocus.cgi?locus=10426141
10426639_47_248	single domain, near sugar dehydrogenase, from Zunongwangia profunda SM-A87	http://microbesonline.org/cgi-bin/fetchLocus.cgi?locus=10426639
10427195_28_212	tandem domain, near sugar dehydrogenase, from Zunongwangia profunda SM-A87	http://microbesonline.org/cgi-bin/fetchLocus.cgi?locus=10427195
10427195_242_450	tandem domain, near sugar dehydrogenase, from Zunongwangia profunda SM-A87	http://microbesonline.org/cgi-bin/fetchLocus.cgi?locus=10427195
10428859_70_279	single domain, near sugar dehydrogenase, from Zunongwangia profunda SM-A87	http://microbesonline.org/cgi-bin/fetchLocus.cgi?locus=10428859
10439135_521_727	with other domain, from Streptomyces scabiei 87.22	http://microbesonline.org/cgi-bin/fetchLocus.cgi?locus=10439135
10439428_265_445	with redox domain, from Streptomyces scabiei 87.22	http://microbesonline.org/cgi-bin/fetchLocus.cgi?locus=10439428
10445603_270_444	with redox domain, from Streptomyces scabiei 87.22	http://microbesonline.org/cgi-bin/fetchLocus.cgi?locus=10445603
10980016_19_192	single domain, from Leadbetterella byssophila 4M15, DSM 17132	http://microbesonline.org/cgi-bin/fetchLocus.cgi?locus=10980016
10980577_20_205	tandem domain, from Leadbetterella byssophila 4M15, DSM 17132	http://microbesonline.org/cgi-bin/fetchLocus.cgi?locus=10980577
10980577_236_444	tandem domain, from Leadbetterella byssophila 4M15, DSM 17132	http://microbesonline.org/cgi-bin/fetchLocus.cgi?locus=10980577
10981555_31_233	single domain, from Leadbetterella byssophila 4M15, DSM 17132	http://microbesonline.org/cgi-bin/fetchLocus.cgi?locus=10981555
10981894_25_253	single domain, from Leadbetterella byssophila 4M15, DSM 17132	http://microbesonline.org/cgi-bin/fetchLocus.cgi?locus=10981894
10982197_22_221	single domain, from Leadbetterella byssophila 4M15, DSM 17132	http://microbesonline.org/cgi-bin/fetchLocus.cgi?locus=10982197
10982617_62_257	single domain, from Leadbetterella byssophila 4M15, DSM 17132	http://microbesonline.org/cgi-bin/fetchLocus.cgi?locus=10982617
10982899_28_229	with other domain, from Leadbetterella byssophila 4M15, DSM 17132	http://microbesonline.org/cgi-bin/fetchLocus.cgi?locus=10982899
10983102_22_249	single domain, from Leadbetterella byssophila 4M15, DSM 17132	http://microbesonline.org/cgi-bin/fetchLocus.cgi?locus=10983102
11000384_258_432	tandem domain, from Alistipes finegoldii AHN 2437, DSM 17242	http://microbesonline.org/cgi-bin/fetchLocus.cgi?locus=11000384
11000384_42_248	tandem domain, from Alistipes finegoldii AHN 2437, DSM 17242	http://microbesonline.org/cgi-bin/fetchLocus.cgi?locus=11000384
11000386_925_1125	with other domain, near sugar dehydrogenase, from Alistipes finegoldii AHN 2437, DSM 17242	http://microbesonline.org/cgi-bin/fetchLocus.cgi?locus=11000386
11020330_25_221	single domain, from Cellulophaga algicola IC166, DSM 14237	http://microbesonline.org/cgi-bin/fetchLocus.cgi?locus=11020330
11020642_144_308	single domain, from Cellulophaga algicola IC166, DSM 14237	http://microbesonline.org/cgi-bin/fetchLocus.cgi?locus=11020642
11022300_44_249	single domain, from Cellulophaga algicola IC166, DSM 14237	http://microbesonline.org/cgi-bin/fetchLocus.cgi?locus=11022300
11022301_73_269	single domain, from Cellulophaga algicola IC166, DSM 14237	http://microbesonline.org/cgi-bin/fetchLocus.cgi?locus=11022301
11023056_44_295	single domain, from Cellulophaga algicola IC166, DSM 14237	http://microbesonline.org/cgi-bin/fetchLocus.cgi?locus=11023056
11034983_26_218	tandem domain, near sugar dehydrogenase, from Niastella koreensis GR20-10, DSM 17620	http://microbesonline.org/cgi-bin/fetchLocus.cgi?locus=11034983
11034983_249_457	tandem domain, near sugar dehydrogenase, from Niastella koreensis GR20-10, DSM 17620	http://microbesonline.org/cgi-bin/fetchLocus.cgi?locus=11034983
11035244_21_215	single domain, from Niastella koreensis GR20-10, DSM 17620	http://microbesonline.org/cgi-bin/fetchLocus.cgi?locus=11035244
11036132_37_240	single domain, from Niastella koreensis GR20-10, DSM 17620	http://microbesonline.org/cgi-bin/fetchLocus.cgi?locus=11036132
11036133_59_263	single domain, from Niastella koreensis GR20-10, DSM 17620	http://microbesonline.org/cgi-bin/fetchLocus.cgi?locus=11036133
11036482_44_240	single domain, from Niastella koreensis GR20-10, DSM 17620	http://microbesonline.org/cgi-bin/fetchLocus.cgi?locus=11036482
11037418_34_264	single domain, from Niastella koreensis GR20-10, DSM 17620	http://microbesonline.org/cgi-bin/fetchLocus.cgi?locus=11037418
11037957_27_209	single domain, from Niastella koreensis GR20-10, DSM 17620	http://microbesonline.org/cgi-bin/fetchLocus.cgi?locus=11037957
11038737_55_247	single domain, from Niastella koreensis GR20-10, DSM 17620	http://microbesonline.org/cgi-bin/fetchLocus.cgi?locus=11038737
11039438_151_318	single domain, near sugar dehydrogenase, from Niastella koreensis GR20-10, DSM 17620	http://microbesonline.org/cgi-bin/fetchLocus.cgi?locus=11039438
11043220_250_458	tandem domain, from Hymenobacter roseosalivarius AA-718, DSM 11622	http://microbesonline.org/cgi-bin/fetchLocus.cgi?locus=11043220
11043220_33_219	tandem domain, from Hymenobacter roseosalivarius AA-718, DSM 11622	http://microbesonline.org/cgi-bin/fetchLocus.cgi?locus=11043220
11045354_54_254	single domain, from Hymenobacter roseosalivarius AA-718, DSM 11622	http://microbesonline.org/cgi-bin/fetchLocus.cgi?locus=11045354
11075721_6_207	single domain, from Pontibacter actiniarum KMM 6156, DSM 19842	http://microbesonline.org/cgi-bin/fetchLocus.cgi?locus=11075721
11125243_29_259	single domain, from Aquiflexum balticum BA160, DSM 16537	http://microbesonline.org/cgi-bin/fetchLocus.cgi?locus=11125243
11126121_36_264	single domain, from Aquiflexum balticum BA160, DSM 16537	http://microbesonline.org/cgi-bin/fetchLocus.cgi?locus=11126121
11126388_44_243	with other domain, from Aquiflexum balticum BA160, DSM 16537	http://microbesonline.org/cgi-bin/fetchLocus.cgi?locus=11126388
11126530_30_216	single domain, from Aquiflexum balticum BA160, DSM 16537	http://microbesonline.org/cgi-bin/fetchLocus.cgi?locus=11126530
11127178_250_458	tandem domain, near sugar dehydrogenase, from Aquiflexum balticum BA160, DSM 16537	http://microbesonline.org/cgi-bin/fetchLocus.cgi?locus=11127178
11127178_30_218	tandem domain, near sugar dehydrogenase, from Aquiflexum balticum BA160, DSM 16537	http://microbesonline.org/cgi-bin/fetchLocus.cgi?locus=11127178
11127215_57_250	single domain, from Aquiflexum balticum BA160, DSM 16537	http://microbesonline.org/cgi-bin/fetchLocus.cgi?locus=11127215
11127480_35_217	single domain, from Aquiflexum balticum BA160, DSM 16537	http://microbesonline.org/cgi-bin/fetchLocus.cgi?locus=11127480
11127748_199_365	single domain, from Aquiflexum balticum BA160, DSM 16537	http://microbesonline.org/cgi-bin/fetchLocus.cgi?locus=11127748
11127954_46_240	single domain, from Aquiflexum balticum BA160, DSM 16537	http://microbesonline.org/cgi-bin/fetchLocus.cgi?locus=11127954
11128196_34_244	single domain, from Aquiflexum balticum BA160, DSM 16537	http://microbesonline.org/cgi-bin/fetchLocus.cgi?locus=11128196
11128766_23_221	single domain, from Aquiflexum balticum BA160, DSM 16537	http://microbesonline.org/cgi-bin/fetchLocus.cgi?locus=11128766
11128798_60_232	single domain, near sugar dehydrogenase, from Aquiflexum balticum BA160, DSM 16537	http://microbesonline.org/cgi-bin/fetchLocus.cgi?locus=11128798
11128937_39_243	single domain, near sugar dehydrogenase, from Aquiflexum balticum BA160, DSM 16537	http://microbesonline.org/cgi-bin/fetchLocus.cgi?locus=11128937
11129049_41_259	single domain, from Aquiflexum balticum BA160, DSM 16537	http://microbesonline.org/cgi-bin/fetchLocus.cgi?locus=11129049
11129141_23_196	single domain, near sugar dehydrogenase, from Aquiflexum balticum BA160, DSM 16537	http://microbesonline.org/cgi-bin/fetchLocus.cgi?locus=11129141
11129142_59_261	single domain, near sugar dehydrogenase, from Aquiflexum balticum BA160, DSM 16537	http://microbesonline.org/cgi-bin/fetchLocus.cgi?locus=11129142
11129239_23_205	single domain, from Aquiflexum balticum BA160, DSM 16537	http://microbesonline.org/cgi-bin/fetchLocus.cgi?locus=11129239
11129631_48_250	single domain, from Aquiflexum balticum BA160, DSM 16537	http://microbesonline.org/cgi-bin/fetchLocus.cgi?locus=11129631
11129810_26_269	single domain, from Aquiflexum balticum BA160, DSM 16537	http://microbesonline.org/cgi-bin/fetchLocus.cgi?locus=11129810
11131572_60_244	with other domain, from Haliscomenobacter hydrossis O, DSM 1100	http://microbesonline.org/cgi-bin/fetchLocus.cgi?locus=11131572
11131615_25_255	single domain, from Haliscomenobacter hydrossis O, DSM 1100	http://microbesonline.org/cgi-bin/fetchLocus.cgi?locus=11131615
11132995_45_251	single domain, from Haliscomenobacter hydrossis O, DSM 1100	http://microbesonline.org/cgi-bin/fetchLocus.cgi?locus=11132995
11133361_28_225	single domain, from Haliscomenobacter hydrossis O, DSM 1100	http://microbesonline.org/cgi-bin/fetchLocus.cgi?locus=11133361
11133387_33_222	tandem domain, from Haliscomenobacter hydrossis O, DSM 1100	http://microbesonline.org/cgi-bin/fetchLocus.cgi?locus=11133387
11133387_253_463	tandem domain, from Haliscomenobacter hydrossis O, DSM 1100	http://microbesonline.org/cgi-bin/fetchLocus.cgi?locus=11133387
11133527_80_249	with other domain, from Haliscomenobacter hydrossis O, DSM 1100	http://microbesonline.org/cgi-bin/fetchLocus.cgi?locus=11133527
11133910_770_958	with other domain, near sugar dehydrogenase, from Haliscomenobacter hydrossis O, DSM 1100	http://microbesonline.org/cgi-bin/fetchLocus.cgi?locus=11133910
11134172_37_248	single domain, from Haliscomenobacter hydrossis O, DSM 1100	http://microbesonline.org/cgi-bin/fetchLocus.cgi?locus=11134172
11134643_22_194	single domain, from Haliscomenobacter hydrossis O, DSM 1100	http://microbesonline.org/cgi-bin/fetchLocus.cgi?locus=11134643
11134684_51_243	single domain, from Haliscomenobacter hydrossis O, DSM 1100	http://microbesonline.org/cgi-bin/fetchLocus.cgi?locus=11134684
11135123_22_207	tandem domain, from Haliscomenobacter hydrossis O, DSM 1100	http://microbesonline.org/cgi-bin/fetchLocus.cgi?locus=11135123
11135123_241_454	tandem domain, from Haliscomenobacter hydrossis O, DSM 1100	http://microbesonline.org/cgi-bin/fetchLocus.cgi?locus=11135123
11136081_27_193	single domain, from Haliscomenobacter hydrossis O, DSM 1100	http://microbesonline.org/cgi-bin/fetchLocus.cgi?locus=11136081
11136320_37_266	single domain, from Haliscomenobacter hydrossis O, DSM 1100	http://microbesonline.org/cgi-bin/fetchLocus.cgi?locus=11136320
11141498_27_209	single domain, from Runella slithyformis LSU4, DSM 19594	http://microbesonline.org/cgi-bin/fetchLocus.cgi?locus=11141498
11141775_41_262	single domain, from Runella slithyformis LSU4, DSM 19594	http://microbesonline.org/cgi-bin/fetchLocus.cgi?locus=11141775
11141792_43_272	single domain, from Runella slithyformis LSU4, DSM 19594	http://microbesonline.org/cgi-bin/fetchLocus.cgi?locus=11141792
11141803_23_220	single domain, from Runella slithyformis LSU4, DSM 19594	http://microbesonline.org/cgi-bin/fetchLocus.cgi?locus=11141803
11141858_27_229	single domain, from Runella slithyformis LSU4, DSM 19594	http://microbesonline.org/cgi-bin/fetchLocus.cgi?locus=11141858
11142015_26_253	single domain, from Runella slithyformis LSU4, DSM 19594	http://microbesonline.org/cgi-bin/fetchLocus.cgi?locus=11142015
11142748_29_204	single domain, from Runella slithyformis LSU4, DSM 19594	http://microbesonline.org/cgi-bin/fetchLocus.cgi?locus=11142748
11142916_35_241	single domain, near sugar dehydrogenase, from Runella slithyformis LSU4, DSM 19594	http://microbesonline.org/cgi-bin/fetchLocus.cgi?locus=11142916
11143759_34_239	single domain, from Runella slithyformis LSU4, DSM 19594	http://microbesonline.org/cgi-bin/fetchLocus.cgi?locus=11143759
11144497_25_233	with other domain, from Runella slithyformis LSU4, DSM 19594	http://microbesonline.org/cgi-bin/fetchLocus.cgi?locus=11144497
11144788_324_528	with other domain, from Runella slithyformis LSU4, DSM 19594	http://microbesonline.org/cgi-bin/fetchLocus.cgi?locus=11144788
11145209_28_210	single domain, from Runella slithyformis LSU4, DSM 19594	http://microbesonline.org/cgi-bin/fetchLocus.cgi?locus=11145209
11145249_39_238	single domain, from Runella slithyformis LSU4, DSM 19594	http://microbesonline.org/cgi-bin/fetchLocus.cgi?locus=11145249
11145325_39_248	single domain, from Runella slithyformis LSU4, DSM 19594	http://microbesonline.org/cgi-bin/fetchLocus.cgi?locus=11145325
11145421_20_205	tandem domain, from Runella slithyformis LSU4, DSM 19594	http://microbesonline.org/cgi-bin/fetchLocus.cgi?locus=11145421
11145421_239_452	tandem domain, from Runella slithyformis LSU4, DSM 19594	http://microbesonline.org/cgi-bin/fetchLocus.cgi?locus=11145421
11145639_929_1115	with other domain, near sugar dehydrogenase, from Runella slithyformis LSU4, DSM 19594	http://microbesonline.org/cgi-bin/fetchLocus.cgi?locus=11145639
11145639_715_910	with other domain, near sugar dehydrogenase, from Runella slithyformis LSU4, DSM 19594	http://microbesonline.org/cgi-bin/fetchLocus.cgi?locus=11145639
11145648_47_247	single domain, from Runella slithyformis LSU4, DSM 19594	http://microbesonline.org/cgi-bin/fetchLocus.cgi?locus=11145648
11146955_62_256	single domain, from Runella slithyformis LSU4, DSM 19594	http://microbesonline.org/cgi-bin/fetchLocus.cgi?locus=11146955
11176044_42_244	single domain, near sugar dehydrogenase, from Gillisia limnaea R-8282, DSM 15749	http://microbesonline.org/cgi-bin/fetchLocus.cgi?locus=11176044
11176218_20_201	single domain, from Gillisia limnaea R-8282, DSM 15749	http://microbesonline.org/cgi-bin/fetchLocus.cgi?locus=11176218
11185153_25_218	single domain, from Ornithobacterium rhinotracheale DSM 15997	http://microbesonline.org/cgi-bin/fetchLocus.cgi?locus=11185153
11196779_39_267	single domain, from Belliella baltica BA134, DSM 15883	http://microbesonline.org/cgi-bin/fetchLocus.cgi?locus=11196779
11198177_39_243	single domain, near sugar dehydrogenase, from Belliella baltica BA134, DSM 15883	http://microbesonline.org/cgi-bin/fetchLocus.cgi?locus=11198177
11198889_57_250	single domain, from Belliella baltica BA134, DSM 15883	http://microbesonline.org/cgi-bin/fetchLocus.cgi?locus=11198889
11202178_235_450	tandem domain, near sugar dehydrogenase, from Cytophaga fermentans IAM 14302, DSM 9555	http://microbesonline.org/cgi-bin/fetchLocus.cgi?locus=11202178
11202178_22_203	tandem domain, near sugar dehydrogenase, from Cytophaga fermentans IAM 14302, DSM 9555	http://microbesonline.org/cgi-bin/fetchLocus.cgi?locus=11202178
11202245_37_274	single domain, from Cytophaga fermentans IAM 14302, DSM 9555	http://microbesonline.org/cgi-bin/fetchLocus.cgi?locus=11202245
11202425_53_249	single domain, near sugar dehydrogenase, from Cytophaga fermentans IAM 14302, DSM 9555	http://microbesonline.org/cgi-bin/fetchLocus.cgi?locus=11202425
11214223_40_291	single domain, from Cellulophaga lytica Cy l20, DSM 7489	http://microbesonline.org/cgi-bin/fetchLocus.cgi?locus=11214223
11216301_72_267	single domain, from Cellulophaga lytica Cy l20, DSM 7489	http://microbesonline.org/cgi-bin/fetchLocus.cgi?locus=11216301
11216302_44_249	single domain, from Cellulophaga lytica Cy l20, DSM 7489	http://microbesonline.org/cgi-bin/fetchLocus.cgi?locus=11216302
11216559_27_248	single domain, from Cellulophaga lytica Cy l20, DSM 7489	http://microbesonline.org/cgi-bin/fetchLocus.cgi?locus=11216559
11226454_250_458	tandem domain, from Cyclobacterium marinum DSM 745	http://microbesonline.org/cgi-bin/fetchLocus.cgi?locus=11226454
11226454_29_219	tandem domain, from Cyclobacterium marinum DSM 745	http://microbesonline.org/cgi-bin/fetchLocus.cgi?locus=11226454
11226458_25_195	single domain, from Cyclobacterium marinum DSM 745	http://microbesonline.org/cgi-bin/fetchLocus.cgi?locus=11226458
11226819_26_199	single domain, near sugar dehydrogenase, from Cyclobacterium marinum DSM 745	http://microbesonline.org/cgi-bin/fetchLocus.cgi?locus=11226819
11227270_143_309	single domain, from Cyclobacterium marinum DSM 745	http://microbesonline.org/cgi-bin/fetchLocus.cgi?locus=11227270
11227336_36_264	single domain, from Cyclobacterium marinum DSM 745	http://microbesonline.org/cgi-bin/fetchLocus.cgi?locus=11227336
11227343_14_225	single domain, from Cyclobacterium marinum DSM 745	http://microbesonline.org/cgi-bin/fetchLocus.cgi?locus=11227343
11227375_725_920	with other domain, near sugar dehydrogenase, from Cyclobacterium marinum DSM 745	http://microbesonline.org/cgi-bin/fetchLocus.cgi?locus=11227375
11227375_938_1125	with other domain, near sugar dehydrogenase, from Cyclobacterium marinum DSM 745	http://microbesonline.org/cgi-bin/fetchLocus.cgi?locus=11227375
11227501_33_203	single domain, from Cyclobacterium marinum DSM 745	http://microbesonline.org/cgi-bin/fetchLocus.cgi?locus=11227501
11227662_34_258	single domain, near sugar dehydrogenase, from Cyclobacterium marinum DSM 745	http://microbesonline.org/cgi-bin/fetchLocus.cgi?locus=11227662
11228512_45_274	single domain, from Cyclobacterium marinum DSM 745	http://microbesonline.org/cgi-bin/fetchLocus.cgi?locus=11228512
11228694_60_233	single domain, near sugar dehydrogenase, from Cyclobacterium marinum DSM 745	http://microbesonline.org/cgi-bin/fetchLocus.cgi?locus=11228694
11228697_40_270	single domain, near sugar dehydrogenase, from Cyclobacterium marinum DSM 745	http://microbesonline.org/cgi-bin/fetchLocus.cgi?locus=11228697
11229504_41_243	single domain, near sugar dehydrogenase, from Cyclobacterium marinum DSM 745	http://microbesonline.org/cgi-bin/fetchLocus.cgi?locus=11229504
11229607_57_248	single domain, near sugar dehydrogenase, from Cyclobacterium marinum DSM 745	http://microbesonline.org/cgi-bin/fetchLocus.cgi?locus=11229607
11229652_151_328	single domain, from Cyclobacterium marinum DSM 745	http://microbesonline.org/cgi-bin/fetchLocus.cgi?locus=11229652
11230104_25_206	single domain, from Cyclobacterium marinum DSM 745	http://microbesonline.org/cgi-bin/fetchLocus.cgi?locus=11230104
11230217_36_254	single domain, near sugar dehydrogenase, from Cyclobacterium marinum DSM 745	http://microbesonline.org/cgi-bin/fetchLocus.cgi?locus=11230217
11230406_25_221	single domain, from Cyclobacterium marinum DSM 745	http://microbesonline.org/cgi-bin/fetchLocus.cgi?locus=11230406
11231190_33_234	single domain, from Cyclobacterium marinum DSM 745	http://microbesonline.org/cgi-bin/fetchLocus.cgi?locus=11231190
1125827_671_892	with redox domain, from Nitrosospira multiformis ATCC 25196	http://microbesonline.org/cgi-bin/fetchLocus.cgi?locus=1125827
11261816_60_268	single domain, from Flexibacter tractuosus DSM 4126	http://microbesonline.org/cgi-bin/fetchLocus.cgi?locus=11261816
1126194_16_255	single domain, from Nitrosospira multiformis ATCC 25196	http://microbesonline.org/cgi-bin/fetchLocus.cgi?locus=1126194
11265296_27_210	tandem domain, near sugar dehydrogenase, from Muricauda ruestringensis B1, DSM 13258	http://microbesonline.org/cgi-bin/fetchLocus.cgi?locus=11265296
11265296_241_449	tandem domain, near sugar dehydrogenase, from Muricauda ruestringensis B1, DSM 13258	http://microbesonline.org/cgi-bin/fetchLocus.cgi?locus=11265296
11265842_145_310	single domain, from Muricauda ruestringensis B1, DSM 13258	http://microbesonline.org/cgi-bin/fetchLocus.cgi?locus=11265842
11265843_22_195	single domain, from Muricauda ruestringensis B1, DSM 13258	http://microbesonline.org/cgi-bin/fetchLocus.cgi?locus=11265843
11265878_940_1127	with other domain, from Muricauda ruestringensis B1, DSM 13258	http://microbesonline.org/cgi-bin/fetchLocus.cgi?locus=11265878
11265878_727_923	with other domain, from Muricauda ruestringensis B1, DSM 13258	http://microbesonline.org/cgi-bin/fetchLocus.cgi?locus=11265878
11266582_41_269	single domain, from Muricauda ruestringensis B1, DSM 13258	http://microbesonline.org/cgi-bin/fetchLocus.cgi?locus=11266582
11266609_53_252	single domain, from Muricauda ruestringensis B1, DSM 13258	http://microbesonline.org/cgi-bin/fetchLocus.cgi?locus=11266609
11267802_39_261	single domain, near sugar dehydrogenase, from Muricauda ruestringensis B1, DSM 13258	http://microbesonline.org/cgi-bin/fetchLocus.cgi?locus=11267802
11267916_47_251	single domain, from Muricauda ruestringensis B1, DSM 13258	http://microbesonline.org/cgi-bin/fetchLocus.cgi?locus=11267916
11267917_54_248	single domain, from Muricauda ruestringensis B1, DSM 13258	http://microbesonline.org/cgi-bin/fetchLocus.cgi?locus=11267917
11268538_332_511	with other domain, from Isosphaera pallida IS1B, ATCC 43644	http://microbesonline.org/cgi-bin/fetchLocus.cgi?locus=11268538
11268582_35_229	single domain, from Isosphaera pallida IS1B, ATCC 43644	http://microbesonline.org/cgi-bin/fetchLocus.cgi?locus=11268582
11268944_31_219	single domain, from Isosphaera pallida IS1B, ATCC 43644	http://microbesonline.org/cgi-bin/fetchLocus.cgi?locus=11268944
11269095_78_293	single domain, from Isosphaera pallida IS1B, ATCC 43644	http://microbesonline.org/cgi-bin/fetchLocus.cgi?locus=11269095
11269564_221_397	tandem domain, from Isosphaera pallida IS1B, ATCC 43644	http://microbesonline.org/cgi-bin/fetchLocus.cgi?locus=11269564
11269564_40_215	tandem domain, from Isosphaera pallida IS1B, ATCC 43644	http://microbesonline.org/cgi-bin/fetchLocus.cgi?locus=11269564
11269824_44_215	single domain, from Isosphaera pallida IS1B, ATCC 43644	http://microbesonline.org/cgi-bin/fetchLocus.cgi?locus=11269824
11270268_28_246	single domain, from Isosphaera pallida IS1B, ATCC 43644	http://microbesonline.org/cgi-bin/fetchLocus.cgi?locus=11270268
11270539_54_243	single domain, from Isosphaera pallida IS1B, ATCC 43644	http://microbesonline.org/cgi-bin/fetchLocus.cgi?locus=11270539
11270979_43_229	single domain, from Isosphaera pallida IS1B, ATCC 43644	http://microbesonline.org/cgi-bin/fetchLocus.cgi?locus=11270979
11271595_39_238	single domain, from Isosphaera pallida IS1B, ATCC 43644	http://microbesonline.org/cgi-bin/fetchLocus.cgi?locus=11271595
11272043_27_202	single domain, from Isosphaera pallida IS1B, ATCC 43644	http://microbesonline.org/cgi-bin/fetchLocus.cgi?locus=11272043
11272068_67_249	single domain, from Isosphaera pallida IS1B, ATCC 43644	http://microbesonline.org/cgi-bin/fetchLocus.cgi?locus=11272068
11275906_244_449	tandem domain, near sugar dehydrogenase, from Pedobacter saltans DSM 12145	http://microbesonline.org/cgi-bin/fetchLocus.cgi?locus=11275906
11275906_25_211	tandem domain, near sugar dehydrogenase, from Pedobacter saltans DSM 12145	http://microbesonline.org/cgi-bin/fetchLocus.cgi?locus=11275906
11277477_28_234	with other domain, near sugar dehydrogenase, from Pedobacter saltans DSM 12145	http://microbesonline.org/cgi-bin/fetchLocus.cgi?locus=11277477
11277481_115_306	with other domain, near sugar dehydrogenase, from Pedobacter saltans DSM 12145	http://microbesonline.org/cgi-bin/fetchLocus.cgi?locus=11277481
11277944_724_921	with other domain, near sugar dehydrogenase, from Pedobacter saltans DSM 12145	http://microbesonline.org/cgi-bin/fetchLocus.cgi?locus=11277944
11277944_940_1127	with other domain, near sugar dehydrogenase, from Pedobacter saltans DSM 12145	http://microbesonline.org/cgi-bin/fetchLocus.cgi?locus=11277944
11278170_162_329	single domain, from Pedobacter saltans DSM 12145	http://microbesonline.org/cgi-bin/fetchLocus.cgi?locus=11278170
11279098_31_224	single domain, near sugar dehydrogenase, from Pedobacter saltans DSM 12145	http://microbesonline.org/cgi-bin/fetchLocus.cgi?locus=11279098
11292096_129_313	with redox domain, from Planctomyces brasiliensis DSM 5305	http://microbesonline.org/cgi-bin/fetchLocus.cgi?locus=11292096
11292630_33_211	single domain, from Planctomyces brasiliensis DSM 5305	http://microbesonline.org/cgi-bin/fetchLocus.cgi?locus=11292630
11292681_28_217	single domain, from Planctomyces brasiliensis DSM 5305	http://microbesonline.org/cgi-bin/fetchLocus.cgi?locus=11292681
11292817_33_232	single domain, from Planctomyces brasiliensis DSM 5305	http://microbesonline.org/cgi-bin/fetchLocus.cgi?locus=11292817
11293044_51_238	single domain, from Planctomyces brasiliensis DSM 5305	http://microbesonline.org/cgi-bin/fetchLocus.cgi?locus=11293044
11293085_27_206	single domain, from Planctomyces brasiliensis DSM 5305	http://microbesonline.org/cgi-bin/fetchLocus.cgi?locus=11293085
11293204_36_238	with redox domain, from Planctomyces brasiliensis DSM 5305	http://microbesonline.org/cgi-bin/fetchLocus.cgi?locus=11293204
11293622_25_202	single domain, from Planctomyces brasiliensis DSM 5305	http://microbesonline.org/cgi-bin/fetchLocus.cgi?locus=11293622
11293837_176_348	single domain, from Planctomyces brasiliensis DSM 5305	http://microbesonline.org/cgi-bin/fetchLocus.cgi?locus=11293837
11293929_25_220	single domain, from Planctomyces brasiliensis DSM 5305	http://microbesonline.org/cgi-bin/fetchLocus.cgi?locus=11293929
11294216_31_241	single domain, from Planctomyces brasiliensis DSM 5305	http://microbesonline.org/cgi-bin/fetchLocus.cgi?locus=11294216
11294790_249_432	tandem domain, from Planctomyces brasiliensis DSM 5305	http://microbesonline.org/cgi-bin/fetchLocus.cgi?locus=11294790
11294790_78_245	tandem domain, from Planctomyces brasiliensis DSM 5305	http://microbesonline.org/cgi-bin/fetchLocus.cgi?locus=11294790
11294916_26_207	single domain, from Planctomyces brasiliensis DSM 5305	http://microbesonline.org/cgi-bin/fetchLocus.cgi?locus=11294916
11294950_37_246	with other domain, from Planctomyces brasiliensis DSM 5305	http://microbesonline.org/cgi-bin/fetchLocus.cgi?locus=11294950
11294995_44_235	single domain, near sugar dehydrogenase, from Planctomyces brasiliensis DSM 5305	http://microbesonline.org/cgi-bin/fetchLocus.cgi?locus=11294995
11295235_28_202	single domain, from Planctomyces brasiliensis DSM 5305	http://microbesonline.org/cgi-bin/fetchLocus.cgi?locus=11295235
11295321_506_704	with other domain, from Planctomyces brasiliensis DSM 5305	http://microbesonline.org/cgi-bin/fetchLocus.cgi?locus=11295321
11295415_26_253	single domain, from Planctomyces brasiliensis DSM 5305	http://microbesonline.org/cgi-bin/fetchLocus.cgi?locus=11295415
11295605_28_206	single domain, from Planctomyces brasiliensis DSM 5305	http://microbesonline.org/cgi-bin/fetchLocus.cgi?locus=11295605
11295918_33_226	single domain, from Planctomyces brasiliensis DSM 5305	http://microbesonline.org/cgi-bin/fetchLocus.cgi?locus=11295918
11296383_24_224	with redox domain, from Planctomyces brasiliensis DSM 5305	http://microbesonline.org/cgi-bin/fetchLocus.cgi?locus=11296383
1148844_15_220	single domain, from Salinibacter ruber DSM 13855	http://microbesonline.org/cgi-bin/fetchLocus.cgi?locus=1148844
1261712_62_315	single domain, from Novosphingobium aromaticivorans DSM 12444	http://microbesonline.org/cgi-bin/fetchLocus.cgi?locus=1261712
1937924_811_999	with other domain, from Streptomyces coelicolor A3(2)	http://microbesonline.org/cgi-bin/fetchLocus.cgi?locus=1937924
2107363_45_249	single domain, near sugar dehydrogenase, from Gramella forsetii KT0803	http://microbesonline.org/cgi-bin/fetchLocus.cgi?locus=2107363
2108062_31_260	single domain, from Gramella forsetii KT0803	http://microbesonline.org/cgi-bin/fetchLocus.cgi?locus=2108062
2190072_135_304	single domain, from Acidobacteria bacterium Ellin345	http://microbesonline.org/cgi-bin/fetchLocus.cgi?locus=2190072
2219363_22_209	single domain, from Solibacter usitatus Ellin6076	http://microbesonline.org/cgi-bin/fetchLocus.cgi?locus=2219363
2219472_47_254	single domain, from Solibacter usitatus Ellin6076	http://microbesonline.org/cgi-bin/fetchLocus.cgi?locus=2219472
2220515_8_228	single domain, from Solibacter usitatus Ellin6076	http://microbesonline.org/cgi-bin/fetchLocus.cgi?locus=2220515
2220551_136_312	single domain, from Solibacter usitatus Ellin6076	http://microbesonline.org/cgi-bin/fetchLocus.cgi?locus=2220551
2220732_87_284	single domain, from Solibacter usitatus Ellin6076	http://microbesonline.org/cgi-bin/fetchLocus.cgi?locus=2220732
2220738_87_285	single domain, from Solibacter usitatus Ellin6076	http://microbesonline.org/cgi-bin/fetchLocus.cgi?locus=2220738
2221107_28_212	with other domain, from Solibacter usitatus Ellin6076	http://microbesonline.org/cgi-bin/fetchLocus.cgi?locus=2221107
2221152_22_224	single domain, from Solibacter usitatus Ellin6076	http://microbesonline.org/cgi-bin/fetchLocus.cgi?locus=2221152
2221255_74_269	single domain, from Solibacter usitatus Ellin6076	http://microbesonline.org/cgi-bin/fetchLocus.cgi?locus=2221255
2221277_10_210	single domain, from Solibacter usitatus Ellin6076	http://microbesonline.org/cgi-bin/fetchLocus.cgi?locus=2221277
2221624_159_350	single domain, from Solibacter usitatus Ellin6076	http://microbesonline.org/cgi-bin/fetchLocus.cgi?locus=2221624
2221728_80_275	single domain, from Solibacter usitatus Ellin6076	http://microbesonline.org/cgi-bin/fetchLocus.cgi?locus=2221728
2221882_149_317	single domain, from Solibacter usitatus Ellin6076	http://microbesonline.org/cgi-bin/fetchLocus.cgi?locus=2221882
2221983_152_318	single domain, from Solibacter usitatus Ellin6076	http://microbesonline.org/cgi-bin/fetchLocus.cgi?locus=2221983
2222289_283_466	with redox domain, from Solibacter usitatus Ellin6076	http://microbesonline.org/cgi-bin/fetchLocus.cgi?locus=2222289
2223153_25_190	single domain, from Solibacter usitatus Ellin6076	http://microbesonline.org/cgi-bin/fetchLocus.cgi?locus=2223153
2223539_22_227	single domain, from Solibacter usitatus Ellin6076	http://microbesonline.org/cgi-bin/fetchLocus.cgi?locus=2223539
2224300_9_241	single domain, from Solibacter usitatus Ellin6076	http://microbesonline.org/cgi-bin/fetchLocus.cgi?locus=2224300
2224519_22_203	single domain, from Solibacter usitatus Ellin6076	http://microbesonline.org/cgi-bin/fetchLocus.cgi?locus=2224519
2224728_148_318	single domain, from Solibacter usitatus Ellin6076	http://microbesonline.org/cgi-bin/fetchLocus.cgi?locus=2224728
2224729_30_207	single domain, from Solibacter usitatus Ellin6076	http://microbesonline.org/cgi-bin/fetchLocus.cgi?locus=2224729
2225798_68_266	single domain, from Solibacter usitatus Ellin6076	http://microbesonline.org/cgi-bin/fetchLocus.cgi?locus=2225798
2225943_20_213	single domain, from Solibacter usitatus Ellin6076	http://microbesonline.org/cgi-bin/fetchLocus.cgi?locus=2225943
2226094_135_305	single domain, from Solibacter usitatus Ellin6076	http://microbesonline.org/cgi-bin/fetchLocus.cgi?locus=2226094
2226301_48_250	single domain, near sugar dehydrogenase, from Solibacter usitatus Ellin6076	http://microbesonline.org/cgi-bin/fetchLocus.cgi?locus=2226301
246744_1058_1234	with redox domain, from Streptomyces coelicolor A3(2)	http://microbesonline.org/cgi-bin/fetchLocus.cgi?locus=246744
246875_521_727	with other domain, from Streptomyces coelicolor A3(2)	http://microbesonline.org/cgi-bin/fetchLocus.cgi?locus=246875
247359_267_444	with redox domain, from Streptomyces coelicolor A3(2)	http://microbesonline.org/cgi-bin/fetchLocus.cgi?locus=247359
2709591_55_250	single domain, from Cellulophaga sp. MED134	http://microbesonline.org/cgi-bin/fetchLocus.cgi?locus=2709591
2709592_42_242	single domain, from Cellulophaga sp. MED134	http://microbesonline.org/cgi-bin/fetchLocus.cgi?locus=2709592
2712515_63_258	single domain, near sugar dehydrogenase, from Tenacibaculum sp. MED152	http://microbesonline.org/cgi-bin/fetchLocus.cgi?locus=2712515
2712523_30_259	single domain, from Tenacibaculum sp. MED152	http://microbesonline.org/cgi-bin/fetchLocus.cgi?locus=2712523
2721912_28_258	single domain, from Leeuwenhoekiella blandensis MED217	http://microbesonline.org/cgi-bin/fetchLocus.cgi?locus=2721912
2721958_33_217	tandem domain, near sugar dehydrogenase, from Leeuwenhoekiella blandensis MED217	http://microbesonline.org/cgi-bin/fetchLocus.cgi?locus=2721958
2721958_248_456	tandem domain, near sugar dehydrogenase, from Leeuwenhoekiella blandensis MED217	http://microbesonline.org/cgi-bin/fetchLocus.cgi?locus=2721958
2722060_71_265	single domain, near sugar dehydrogenase, from Leeuwenhoekiella blandensis MED217	http://microbesonline.org/cgi-bin/fetchLocus.cgi?locus=2722060
2722061_44_246	single domain, near sugar dehydrogenase, from Leeuwenhoekiella blandensis MED217	http://microbesonline.org/cgi-bin/fetchLocus.cgi?locus=2722061
2759263_15_244	single domain, from Blastopirellula marina DSM 3645	http://microbesonline.org/cgi-bin/fetchLocus.cgi?locus=2759263
2759850_149_324	single domain, from Blastopirellula marina DSM 3645	http://microbesonline.org/cgi-bin/fetchLocus.cgi?locus=2759850
2760139_150_326	single domain, from Blastopirellula marina DSM 3645	http://microbesonline.org/cgi-bin/fetchLocus.cgi?locus=2760139
2760187_26_226	single domain, from Blastopirellula marina DSM 3645	http://microbesonline.org/cgi-bin/fetchLocus.cgi?locus=2760187
2760313_204_386	tandem domain, from Blastopirellula marina DSM 3645	http://microbesonline.org/cgi-bin/fetchLocus.cgi?locus=2760313
2760313_39_201	tandem domain, from Blastopirellula marina DSM 3645	http://microbesonline.org/cgi-bin/fetchLocus.cgi?locus=2760313
2760617_41_280	single domain, from Blastopirellula marina DSM 3645	http://microbesonline.org/cgi-bin/fetchLocus.cgi?locus=2760617
2760771_804_979	with other domain, from Blastopirellula marina DSM 3645	http://microbesonline.org/cgi-bin/fetchLocus.cgi?locus=2760771
2760957_28_228	with redox domain, from Blastopirellula marina DSM 3645	http://microbesonline.org/cgi-bin/fetchLocus.cgi?locus=2760957
2761067_1173_1341	with redox domain, from Blastopirellula marina DSM 3645	http://microbesonline.org/cgi-bin/fetchLocus.cgi?locus=2761067
2761156_23_206	single domain, from Blastopirellula marina DSM 3645	http://microbesonline.org/cgi-bin/fetchLocus.cgi?locus=2761156
2762174_615_790	with other domain, from Blastopirellula marina DSM 3645	http://microbesonline.org/cgi-bin/fetchLocus.cgi?locus=2762174
2762175_266_442	with other domain, from Blastopirellula marina DSM 3645	http://microbesonline.org/cgi-bin/fetchLocus.cgi?locus=2762175
2762320_31_222	with redox domain, from Blastopirellula marina DSM 3645	http://microbesonline.org/cgi-bin/fetchLocus.cgi?locus=2762320
2762347_36_237	single domain, from Blastopirellula marina DSM 3645	http://microbesonline.org/cgi-bin/fetchLocus.cgi?locus=2762347
2763036_35_241	single domain, from Blastopirellula marina DSM 3645	http://microbesonline.org/cgi-bin/fetchLocus.cgi?locus=2763036
2763538_28_213	single domain, from Blastopirellula marina DSM 3645	http://microbesonline.org/cgi-bin/fetchLocus.cgi?locus=2763538
2763661_26_218	single domain, from Blastopirellula marina DSM 3645	http://microbesonline.org/cgi-bin/fetchLocus.cgi?locus=2763661
2764069_150_329	single domain, from Blastopirellula marina DSM 3645	http://microbesonline.org/cgi-bin/fetchLocus.cgi?locus=2764069
2764129_27_207	single domain, from Blastopirellula marina DSM 3645	http://microbesonline.org/cgi-bin/fetchLocus.cgi?locus=2764129
2764264_51_237	single domain, from Blastopirellula marina DSM 3645	http://microbesonline.org/cgi-bin/fetchLocus.cgi?locus=2764264
2764919_13_232	single domain, from Flavobacteriales bacterium HTCC2170	http://microbesonline.org/cgi-bin/fetchLocus.cgi?locus=2764919
2765331_32_262	single domain, from Flavobacteriales bacterium HTCC2170	http://microbesonline.org/cgi-bin/fetchLocus.cgi?locus=2765331
2765549_24_196	single domain, from Flavobacteriales bacterium HTCC2170	http://microbesonline.org/cgi-bin/fetchLocus.cgi?locus=2765549
2766263_22_220	single domain, from Flavobacteriales bacterium HTCC2170	http://microbesonline.org/cgi-bin/fetchLocus.cgi?locus=2766263
2766357_32_213	single domain, near sugar dehydrogenase, from Flavobacteriales bacterium HTCC2170	http://microbesonline.org/cgi-bin/fetchLocus.cgi?locus=2766357
2766496_32_220	single domain, near sugar dehydrogenase, from Flavobacteriales bacterium HTCC2170	http://microbesonline.org/cgi-bin/fetchLocus.cgi?locus=2766496
2766497_38_261	single domain, near sugar dehydrogenase, from Flavobacteriales bacterium HTCC2170	http://microbesonline.org/cgi-bin/fetchLocus.cgi?locus=2766497
2766517_33_261	single domain, from Flavobacteriales bacterium HTCC2170	http://microbesonline.org/cgi-bin/fetchLocus.cgi?locus=2766517
2766526_24_229	single domain, from Flavobacteriales bacterium HTCC2170	http://microbesonline.org/cgi-bin/fetchLocus.cgi?locus=2766526
2766590_57_264	single domain, from Flavobacteriales bacterium HTCC2170	http://microbesonline.org/cgi-bin/fetchLocus.cgi?locus=2766590
2766977_65_260	single domain, from Flavobacteriales bacterium HTCC2170	http://microbesonline.org/cgi-bin/fetchLocus.cgi?locus=2766977
2767303_140_305	single domain, from Flavobacteriales bacterium HTCC2170	http://microbesonline.org/cgi-bin/fetchLocus.cgi?locus=2767303
2767459_248_456	tandem domain, near sugar dehydrogenase, from Flavobacteriales bacterium HTCC2170	http://microbesonline.org/cgi-bin/fetchLocus.cgi?locus=2767459
2767459_33_217	tandem domain, near sugar dehydrogenase, from Flavobacteriales bacterium HTCC2170	http://microbesonline.org/cgi-bin/fetchLocus.cgi?locus=2767459
2767479_46_191	single domain, from Flavobacteriales bacterium HTCC2170	http://microbesonline.org/cgi-bin/fetchLocus.cgi?locus=2767479
2884561_72_265	single domain, near sugar dehydrogenase, from Psychroflexus torquis ATCC 700755	http://microbesonline.org/cgi-bin/fetchLocus.cgi?locus=2884561
3395994_38_271	single domain, from Novosphingobium aromaticivorans DSM 12444	http://microbesonline.org/cgi-bin/fetchLocus.cgi?locus=3395994
3500619_44_289	single domain, from Pseudoalteromonas atlantica T6c	http://microbesonline.org/cgi-bin/fetchLocus.cgi?locus=3500619
3500692_28_257	single domain, from Pseudoalteromonas atlantica T6c	http://microbesonline.org/cgi-bin/fetchLocus.cgi?locus=3500692
3501677_62_301	single domain, from Pseudoalteromonas atlantica T6c	http://microbesonline.org/cgi-bin/fetchLocus.cgi?locus=3501677
3502529_61_252	single domain, from Pseudoalteromonas atlantica T6c	http://microbesonline.org/cgi-bin/fetchLocus.cgi?locus=3502529
BT2157	single domain 3-ketoglycoside hydrolase from Bacteroides thetaiotaomicron VPI-5482	http://microbesonline.org/cgi-bin/fetchLocus.cgi?locus=351685
352996_22_206	tandem domain, near sugar dehydrogenase, from Bacteroides thetaiotaomicron VPI-5482	http://microbesonline.org/cgi-bin/fetchLocus.cgi?locus=352996
352996_240_446	tandem domain, near sugar dehydrogenase, from Bacteroides thetaiotaomicron VPI-5482	http://microbesonline.org/cgi-bin/fetchLocus.cgi?locus=352996
353973_12_237	single domain, near sugar dehydrogenase, from Bacteroides thetaiotaomicron VPI-5482	http://microbesonline.org/cgi-bin/fetchLocus.cgi?locus=353973
3558251_5_190	single domain, from Pseudomonas stutzeri A1501	http://microbesonline.org/cgi-bin/fetchLocus.cgi?locus=3558251
3653714_122_335	single domain, from Saccharopolyspora erythraea NRRL 2338	http://microbesonline.org/cgi-bin/fetchLocus.cgi?locus=3653714
3668099_36_203	single domain, from Bradyrhizobium sp. ORS278	http://microbesonline.org/cgi-bin/fetchLocus.cgi?locus=3668099
3720960_25_195	with other domain, from Parabacteroides distasonis ATCC 8503	http://microbesonline.org/cgi-bin/fetchLocus.cgi?locus=3720960
3721305_27_220	single domain, from Parabacteroides distasonis ATCC 8503	http://microbesonline.org/cgi-bin/fetchLocus.cgi?locus=3721305
3721968_961_1152	with other domain, near sugar dehydrogenase, from Parabacteroides distasonis ATCC 8503	http://microbesonline.org/cgi-bin/fetchLocus.cgi?locus=3721968
3721968_744_943	with other domain, near sugar dehydrogenase, from Parabacteroides distasonis ATCC 8503	http://microbesonline.org/cgi-bin/fetchLocus.cgi?locus=3721968
3722010_53_266	single domain, from Parabacteroides distasonis ATCC 8503	http://microbesonline.org/cgi-bin/fetchLocus.cgi?locus=3722010
3722085_28_214	single domain, from Parabacteroides distasonis ATCC 8503	http://microbesonline.org/cgi-bin/fetchLocus.cgi?locus=3722085
3722502_28_193	with other domain, from Parabacteroides distasonis ATCC 8503	http://microbesonline.org/cgi-bin/fetchLocus.cgi?locus=3722502
3722639_36_242	single domain, from Parabacteroides distasonis ATCC 8503	http://microbesonline.org/cgi-bin/fetchLocus.cgi?locus=3722639
3722681_42_255	single domain, near sugar dehydrogenase, from Parabacteroides distasonis ATCC 8503	http://microbesonline.org/cgi-bin/fetchLocus.cgi?locus=3722681
3722713_246_419	tandem domain, from Parabacteroides distasonis ATCC 8503	http://microbesonline.org/cgi-bin/fetchLocus.cgi?locus=3722713
3722713_35_236	tandem domain, from Parabacteroides distasonis ATCC 8503	http://microbesonline.org/cgi-bin/fetchLocus.cgi?locus=3722713
3723273_254_427	tandem domain, from Parabacteroides distasonis ATCC 8503	http://microbesonline.org/cgi-bin/fetchLocus.cgi?locus=3723273
3723273_43_244	tandem domain, from Parabacteroides distasonis ATCC 8503	http://microbesonline.org/cgi-bin/fetchLocus.cgi?locus=3723273
3723284_29_221	single domain, from Parabacteroides distasonis ATCC 8503	http://microbesonline.org/cgi-bin/fetchLocus.cgi?locus=3723284
3723457_67_281	single domain, near sugar dehydrogenase, from Parabacteroides distasonis ATCC 8503	http://microbesonline.org/cgi-bin/fetchLocus.cgi?locus=3723457
3723559_59_253	single domain, near sugar dehydrogenase, from Parabacteroides distasonis ATCC 8503	http://microbesonline.org/cgi-bin/fetchLocus.cgi?locus=3723559
3723687_51_268	single domain, from Parabacteroides distasonis ATCC 8503	http://microbesonline.org/cgi-bin/fetchLocus.cgi?locus=3723687
3724725_69_263	single domain, from Parabacteroides distasonis ATCC 8503	http://microbesonline.org/cgi-bin/fetchLocus.cgi?locus=3724725
3772626_642_829	with redox domain, from Microcystis aeruginosa NIES-843	http://microbesonline.org/cgi-bin/fetchLocus.cgi?locus=3772626
3823445_27_266	single domain, from Saccharophagus degradans	http://microbesonline.org/cgi-bin/fetchLocus.cgi?locus=3823445
4084818_33_229	single domain, from Rhodobacterales bacterium HTCC2255	http://microbesonline.org/cgi-bin/fetchLocus.cgi?locus=4084818
4198440_741_939	with other domain, near sugar dehydrogenase, from Parabacteroides merdae ATCC 43184	http://microbesonline.org/cgi-bin/fetchLocus.cgi?locus=4198440
4198440_957_1147	with other domain, near sugar dehydrogenase, from Parabacteroides merdae ATCC 43184	http://microbesonline.org/cgi-bin/fetchLocus.cgi?locus=4198440
4198810_63_257	single domain, from Parabacteroides merdae ATCC 43184	http://microbesonline.org/cgi-bin/fetchLocus.cgi?locus=4198810
4200412_24_211	tandem domain, from Parabacteroides merdae ATCC 43184	http://microbesonline.org/cgi-bin/fetchLocus.cgi?locus=4200412
4200412_243_456	tandem domain, from Parabacteroides merdae ATCC 43184	http://microbesonline.org/cgi-bin/fetchLocus.cgi?locus=4200412
4200639_27_214	single domain, from Parabacteroides merdae ATCC 43184	http://microbesonline.org/cgi-bin/fetchLocus.cgi?locus=4200639
4201251_43_244	tandem domain, from Parabacteroides merdae ATCC 43184	http://microbesonline.org/cgi-bin/fetchLocus.cgi?locus=4201251
4201251_253_427	tandem domain, from Parabacteroides merdae ATCC 43184	http://microbesonline.org/cgi-bin/fetchLocus.cgi?locus=4201251
4201381_67_281	single domain, near sugar dehydrogenase, from Parabacteroides merdae ATCC 43184	http://microbesonline.org/cgi-bin/fetchLocus.cgi?locus=4201381
4201630_62_268	single domain, from Parabacteroides merdae ATCC 43184	http://microbesonline.org/cgi-bin/fetchLocus.cgi?locus=4201630
4202749_35_241	single domain, from Bacteroides ovatus ATCC 8483	http://microbesonline.org/cgi-bin/fetchLocus.cgi?locus=4202749
4204691_24_208	tandem domain, near sugar dehydrogenase, from Bacteroides ovatus ATCC 8483	http://microbesonline.org/cgi-bin/fetchLocus.cgi?locus=4204691
4204691_242_448	tandem domain, near sugar dehydrogenase, from Bacteroides ovatus ATCC 8483	http://microbesonline.org/cgi-bin/fetchLocus.cgi?locus=4204691
4205703_60_285	single domain, near sugar dehydrogenase, from Bacteroides ovatus ATCC 8483	http://microbesonline.org/cgi-bin/fetchLocus.cgi?locus=4205703
4215187_42_252	single domain, from Algoriphagus sp. PR1	http://microbesonline.org/cgi-bin/fetchLocus.cgi?locus=4215187
4215250_250_458	tandem domain, near sugar dehydrogenase, from Algoriphagus sp. PR1	http://microbesonline.org/cgi-bin/fetchLocus.cgi?locus=4215250
4215250_30_219	tandem domain, near sugar dehydrogenase, from Algoriphagus sp. PR1	http://microbesonline.org/cgi-bin/fetchLocus.cgi?locus=4215250
4217028_41_244	single domain, near sugar dehydrogenase, from Algoriphagus sp. PR1	http://microbesonline.org/cgi-bin/fetchLocus.cgi?locus=4217028
4217688_39_257	single domain, from Algoriphagus sp. PR1	http://microbesonline.org/cgi-bin/fetchLocus.cgi?locus=4217688
4218015_26_257	single domain, from Algoriphagus sp. PR1	http://microbesonline.org/cgi-bin/fetchLocus.cgi?locus=4218015
4218409_33_261	single domain, from Algoriphagus sp. PR1	http://microbesonline.org/cgi-bin/fetchLocus.cgi?locus=4218409
4218499_41_239	single domain, from Algoriphagus sp. PR1	http://microbesonline.org/cgi-bin/fetchLocus.cgi?locus=4218499
4218648_32_219	single domain, near sugar dehydrogenase, from Algoriphagus sp. PR1	http://microbesonline.org/cgi-bin/fetchLocus.cgi?locus=4218648
4218897_23_203	single domain, from Algoriphagus sp. PR1	http://microbesonline.org/cgi-bin/fetchLocus.cgi?locus=4218897
4218932_51_252	single domain, from Algoriphagus sp. PR1	http://microbesonline.org/cgi-bin/fetchLocus.cgi?locus=4218932
4218933_23_196	single domain, from Algoriphagus sp. PR1	http://microbesonline.org/cgi-bin/fetchLocus.cgi?locus=4218933
4219094_59_253	single domain, near sugar dehydrogenase, from Algoriphagus sp. PR1	http://microbesonline.org/cgi-bin/fetchLocus.cgi?locus=4219094
4260146_63_288	single domain, near sugar dehydrogenase, from Bacteroides uniformis ATCC 8492	http://microbesonline.org/cgi-bin/fetchLocus.cgi?locus=4260146
4262859_41_193	with other domain, from Bacteroides uniformis ATCC 8492	http://microbesonline.org/cgi-bin/fetchLocus.cgi?locus=4262859
4590544_523_721	with other domain, from Planctomyces maris DSM 8797	http://microbesonline.org/cgi-bin/fetchLocus.cgi?locus=4590544
4590561_54_263	with other domain, from Planctomyces maris DSM 8797	http://microbesonline.org/cgi-bin/fetchLocus.cgi?locus=4590561
4590825_34_268	single domain, from Planctomyces maris DSM 8797	http://microbesonline.org/cgi-bin/fetchLocus.cgi?locus=4590825
4591166_3_162	single domain, from Planctomyces maris DSM 8797	http://microbesonline.org/cgi-bin/fetchLocus.cgi?locus=4591166
4591527_43_215	single domain, from Planctomyces maris DSM 8797	http://microbesonline.org/cgi-bin/fetchLocus.cgi?locus=4591527
4591548_155_331	single domain, from Planctomyces maris DSM 8797	http://microbesonline.org/cgi-bin/fetchLocus.cgi?locus=4591548
4591783_26_230	with redox domain, from Planctomyces maris DSM 8797	http://microbesonline.org/cgi-bin/fetchLocus.cgi?locus=4591783
4592216_152_332	single domain, from Planctomyces maris DSM 8797	http://microbesonline.org/cgi-bin/fetchLocus.cgi?locus=4592216
4592619_38_216	single domain, from Planctomyces maris DSM 8797	http://microbesonline.org/cgi-bin/fetchLocus.cgi?locus=4592619
4592896_57_240	single domain, from Planctomyces maris DSM 8797	http://microbesonline.org/cgi-bin/fetchLocus.cgi?locus=4592896
4593654_515_746	with redox domain, from Planctomyces maris DSM 8797	http://microbesonline.org/cgi-bin/fetchLocus.cgi?locus=4593654
4594149_77_234	single domain, from Planctomyces maris DSM 8797	http://microbesonline.org/cgi-bin/fetchLocus.cgi?locus=4594149
4594281_54_240	single domain, from Planctomyces maris DSM 8797	http://microbesonline.org/cgi-bin/fetchLocus.cgi?locus=4594281
4594506_38_232	single domain, from Planctomyces maris DSM 8797	http://microbesonline.org/cgi-bin/fetchLocus.cgi?locus=4594506
4594548_352_539	with other domain, near sugar dehydrogenase, from Planctomyces maris DSM 8797	http://microbesonline.org/cgi-bin/fetchLocus.cgi?locus=4594548
4594702_67_283	single domain, from Planctomyces maris DSM 8797	http://microbesonline.org/cgi-bin/fetchLocus.cgi?locus=4594702
4595131_28_222	single domain, from Planctomyces maris DSM 8797	http://microbesonline.org/cgi-bin/fetchLocus.cgi?locus=4595131
4595173_477_662	with other domain, from Planctomyces maris DSM 8797	http://microbesonline.org/cgi-bin/fetchLocus.cgi?locus=4595173
4595334_71_236	tandem domain, from Planctomyces maris DSM 8797	http://microbesonline.org/cgi-bin/fetchLocus.cgi?locus=4595334
4595334_241_424	tandem domain, from Planctomyces maris DSM 8797	http://microbesonline.org/cgi-bin/fetchLocus.cgi?locus=4595334
4596115_35_239	with redox domain, from Planctomyces maris DSM 8797	http://microbesonline.org/cgi-bin/fetchLocus.cgi?locus=4596115
4596295_1568_1735	with redox domain, from Planctomyces maris DSM 8797	http://microbesonline.org/cgi-bin/fetchLocus.cgi?locus=4596295
4596626_30_224	single domain, from Planctomyces maris DSM 8797	http://microbesonline.org/cgi-bin/fetchLocus.cgi?locus=4596626
4596769_671_851	with other domain, near sugar dehydrogenase, from Planctomyces maris DSM 8797	http://microbesonline.org/cgi-bin/fetchLocus.cgi?locus=4596769
4597014_15_222	single domain, from Planctomyces maris DSM 8797	http://microbesonline.org/cgi-bin/fetchLocus.cgi?locus=4597014
4611874_988_1186	with redox domain, from Lentisphaera araneosa HTCC2155	http://microbesonline.org/cgi-bin/fetchLocus.cgi?locus=4611874
4612146_159_339	single domain, from Lentisphaera araneosa HTCC2155	http://microbesonline.org/cgi-bin/fetchLocus.cgi?locus=4612146
4612194_33_215	single domain, from Lentisphaera araneosa HTCC2155	http://microbesonline.org/cgi-bin/fetchLocus.cgi?locus=4612194
4612229_39_228	single domain, from Lentisphaera araneosa HTCC2155	http://microbesonline.org/cgi-bin/fetchLocus.cgi?locus=4612229
4612290_23_219	with redox domain, from Lentisphaera araneosa HTCC2155	http://microbesonline.org/cgi-bin/fetchLocus.cgi?locus=4612290
4612339_494_704	with other domain, from Lentisphaera araneosa HTCC2155	http://microbesonline.org/cgi-bin/fetchLocus.cgi?locus=4612339
4613131_15_203	single domain, from Lentisphaera araneosa HTCC2155	http://microbesonline.org/cgi-bin/fetchLocus.cgi?locus=4613131
4613166_24_177	single domain, from Lentisphaera araneosa HTCC2155	http://microbesonline.org/cgi-bin/fetchLocus.cgi?locus=4613166
4613218_30_221	single domain, from Lentisphaera araneosa HTCC2155	http://microbesonline.org/cgi-bin/fetchLocus.cgi?locus=4613218
4613982_36_229	single domain, from Lentisphaera araneosa HTCC2155	http://microbesonline.org/cgi-bin/fetchLocus.cgi?locus=4613982
4614159_234_440	tandem domain, near sugar dehydrogenase, from Lentisphaera araneosa HTCC2155	http://microbesonline.org/cgi-bin/fetchLocus.cgi?locus=4614159
4614159_29_215	tandem domain, near sugar dehydrogenase, from Lentisphaera araneosa HTCC2155	http://microbesonline.org/cgi-bin/fetchLocus.cgi?locus=4614159
4614230_39_205	single domain, from Lentisphaera araneosa HTCC2155	http://microbesonline.org/cgi-bin/fetchLocus.cgi?locus=4614230
4614235_22_216	single domain, from Lentisphaera araneosa HTCC2155	http://microbesonline.org/cgi-bin/fetchLocus.cgi?locus=4614235
4614238_183_370	with redox domain, from Lentisphaera araneosa HTCC2155	http://microbesonline.org/cgi-bin/fetchLocus.cgi?locus=4614238
4614844_78_263	single domain, from Lentisphaera araneosa HTCC2155	http://microbesonline.org/cgi-bin/fetchLocus.cgi?locus=4614844
4615012_42_228	single domain, near sugar dehydrogenase, from Lentisphaera araneosa HTCC2155	http://microbesonline.org/cgi-bin/fetchLocus.cgi?locus=4615012
4615429_46_244	single domain, from Lentisphaera araneosa HTCC2155	http://microbesonline.org/cgi-bin/fetchLocus.cgi?locus=4615429
4615506_175_363	with redox domain, from Lentisphaera araneosa HTCC2155	http://microbesonline.org/cgi-bin/fetchLocus.cgi?locus=4615506
4616165_23_217	single domain, from Lentisphaera araneosa HTCC2155	http://microbesonline.org/cgi-bin/fetchLocus.cgi?locus=4616165
4616236_34_216	single domain, from Lentisphaera araneosa HTCC2155	http://microbesonline.org/cgi-bin/fetchLocus.cgi?locus=4616236
4616489_39_226	single domain, from Lentisphaera araneosa HTCC2155	http://microbesonline.org/cgi-bin/fetchLocus.cgi?locus=4616489
4621967_242_449	tandem domain, near sugar dehydrogenase, from Pedobacter sp. BAL39	http://microbesonline.org/cgi-bin/fetchLocus.cgi?locus=4621967
4621967_25_211	tandem domain, near sugar dehydrogenase, from Pedobacter sp. BAL39	http://microbesonline.org/cgi-bin/fetchLocus.cgi?locus=4621967
4621973_37_242	single domain, from Pedobacter sp. BAL39	http://microbesonline.org/cgi-bin/fetchLocus.cgi?locus=4621973
4622119_54_257	single domain, from Pedobacter sp. BAL39	http://microbesonline.org/cgi-bin/fetchLocus.cgi?locus=4622119
4624446_28_228	single domain, from Pedobacter sp. BAL39	http://microbesonline.org/cgi-bin/fetchLocus.cgi?locus=4624446
4904579_682_860	with redox domain, from Gemmata obscuriglobus UQM 2246	http://microbesonline.org/cgi-bin/fetchLocus.cgi?locus=4904579
4904988_34_222	single domain, from Gemmata obscuriglobus UQM 2246	http://microbesonline.org/cgi-bin/fetchLocus.cgi?locus=4904988
4905178_180_365	tandem domain, from Gemmata obscuriglobus UQM 2246	http://microbesonline.org/cgi-bin/fetchLocus.cgi?locus=4905178
4905413_23_204	single domain, from Gemmata obscuriglobus UQM 2246	http://microbesonline.org/cgi-bin/fetchLocus.cgi?locus=4905413
4906325_24_218	single domain, from Gemmata obscuriglobus UQM 2246	http://microbesonline.org/cgi-bin/fetchLocus.cgi?locus=4906325
4907078_48_238	single domain, from Gemmata obscuriglobus UQM 2246	http://microbesonline.org/cgi-bin/fetchLocus.cgi?locus=4907078
4908012_29_247	single domain, from Gemmata obscuriglobus UQM 2246	http://microbesonline.org/cgi-bin/fetchLocus.cgi?locus=4908012
4908135_36_246	single domain, from Gemmata obscuriglobus UQM 2246	http://microbesonline.org/cgi-bin/fetchLocus.cgi?locus=4908135
4908358_34_252	single domain, from Gemmata obscuriglobus UQM 2246	http://microbesonline.org/cgi-bin/fetchLocus.cgi?locus=4908358
4908401_52_241	single domain, from Gemmata obscuriglobus UQM 2246	http://microbesonline.org/cgi-bin/fetchLocus.cgi?locus=4908401
4908583_34_225	single domain, from Gemmata obscuriglobus UQM 2246	http://microbesonline.org/cgi-bin/fetchLocus.cgi?locus=4908583
4908747_1178_1348	with redox domain, from Gemmata obscuriglobus UQM 2246	http://microbesonline.org/cgi-bin/fetchLocus.cgi?locus=4908747
4908887_37_269	single domain, from Gemmata obscuriglobus UQM 2246	http://microbesonline.org/cgi-bin/fetchLocus.cgi?locus=4908887
4909469_24_232	tandem domain, from Gemmata obscuriglobus UQM 2246	http://microbesonline.org/cgi-bin/fetchLocus.cgi?locus=4909469
4909469_250_435	tandem domain, from Gemmata obscuriglobus UQM 2246	http://microbesonline.org/cgi-bin/fetchLocus.cgi?locus=4909469
4909784_48_228	single domain, from Gemmata obscuriglobus UQM 2246	http://microbesonline.org/cgi-bin/fetchLocus.cgi?locus=4909784
4909907_81_246	single domain, from Gemmata obscuriglobus UQM 2246	http://microbesonline.org/cgi-bin/fetchLocus.cgi?locus=4909907
4911270_310_467	with other domain, from Gemmata obscuriglobus UQM 2246	http://microbesonline.org/cgi-bin/fetchLocus.cgi?locus=4911270
4911445_163_341	single domain, from Gemmata obscuriglobus UQM 2246	http://microbesonline.org/cgi-bin/fetchLocus.cgi?locus=4911445
4911453_35_208	single domain, from Gemmata obscuriglobus UQM 2246	http://microbesonline.org/cgi-bin/fetchLocus.cgi?locus=4911453
4911804_24_214	single domain, from Gemmata obscuriglobus UQM 2246	http://microbesonline.org/cgi-bin/fetchLocus.cgi?locus=4911804
4911867_43_206	single domain, from Gemmata obscuriglobus UQM 2246	http://microbesonline.org/cgi-bin/fetchLocus.cgi?locus=4911867
554173_54_230	single domain, from Pirellula sp. 1	http://microbesonline.org/cgi-bin/fetchLocus.cgi?locus=554173
554351_85_257	single domain, from Pirellula sp. 1	http://microbesonline.org/cgi-bin/fetchLocus.cgi?locus=554351
554400_61_249	with other domain, from Pirellula sp. 1	http://microbesonline.org/cgi-bin/fetchLocus.cgi?locus=554400
554416_28_225	with redox domain, from Pirellula sp. 1	http://microbesonline.org/cgi-bin/fetchLocus.cgi?locus=554416
554419_49_246	with other domain, from Pirellula sp. 1	http://microbesonline.org/cgi-bin/fetchLocus.cgi?locus=554419
554434_59_259	single domain, from Pirellula sp. 1	http://microbesonline.org/cgi-bin/fetchLocus.cgi?locus=554434
554610_56_243	single domain, from Pirellula sp. 1	http://microbesonline.org/cgi-bin/fetchLocus.cgi?locus=554610
554685_116_314	with other domain, from Pirellula sp. 1	http://microbesonline.org/cgi-bin/fetchLocus.cgi?locus=554685
554998_519_700	with redox domain, from Pirellula sp. 1	http://microbesonline.org/cgi-bin/fetchLocus.cgi?locus=554998
556011_250_415	tandem domain, from Pirellula sp. 1	http://microbesonline.org/cgi-bin/fetchLocus.cgi?locus=556011
556011_29_219	tandem domain, from Pirellula sp. 1	http://microbesonline.org/cgi-bin/fetchLocus.cgi?locus=556011
556201_326_510	tandem domain, from Pirellula sp. 1	http://microbesonline.org/cgi-bin/fetchLocus.cgi?locus=556201
556201_106_307	tandem domain, from Pirellula sp. 1	http://microbesonline.org/cgi-bin/fetchLocus.cgi?locus=556201
556645_173_349	single domain, from Pirellula sp. 1	http://microbesonline.org/cgi-bin/fetchLocus.cgi?locus=556645
556853_51_260	single domain, from Pirellula sp. 1	http://microbesonline.org/cgi-bin/fetchLocus.cgi?locus=556853
557004_164_355	single domain, near sugar dehydrogenase, from Pirellula sp. 1	http://microbesonline.org/cgi-bin/fetchLocus.cgi?locus=557004
557181_269_442	single domain, from Pirellula sp. 1	http://microbesonline.org/cgi-bin/fetchLocus.cgi?locus=557181
557204_55_252	single domain, from Pirellula sp. 1	http://microbesonline.org/cgi-bin/fetchLocus.cgi?locus=557204
557755_40_226	single domain, from Pirellula sp. 1	http://microbesonline.org/cgi-bin/fetchLocus.cgi?locus=557755
558057_260_435	tandem domain, from Pirellula sp. 1	http://microbesonline.org/cgi-bin/fetchLocus.cgi?locus=558057
558057_88_251	tandem domain, from Pirellula sp. 1	http://microbesonline.org/cgi-bin/fetchLocus.cgi?locus=558057
559162_234_438	tandem domain, from Pirellula sp. 1	http://microbesonline.org/cgi-bin/fetchLocus.cgi?locus=559162
559162_54_228	tandem domain, from Pirellula sp. 1	http://microbesonline.org/cgi-bin/fetchLocus.cgi?locus=559162
559295_126_305	with redox domain, from Pirellula sp. 1	http://microbesonline.org/cgi-bin/fetchLocus.cgi?locus=559295
5593361_25_197	single domain, from Rhodospirillum centenum SW	http://microbesonline.org/cgi-bin/fetchLocus.cgi?locus=5593361
559512_79_278	single domain, from Pirellula sp. 1	http://microbesonline.org/cgi-bin/fetchLocus.cgi?locus=559512
559677_57_264	single domain, from Pirellula sp. 1	http://microbesonline.org/cgi-bin/fetchLocus.cgi?locus=559677
560752_63_281	single domain, from Pirellula sp. 1	http://microbesonline.org/cgi-bin/fetchLocus.cgi?locus=560752
5635388_14_245	single domain, from Phenylobacterium zucineum HLK1	http://microbesonline.org/cgi-bin/fetchLocus.cgi?locus=5635388
5635396_34_225	single domain, from Phenylobacterium zucineum HLK1	http://microbesonline.org/cgi-bin/fetchLocus.cgi?locus=5635396
5646854_22_277	single domain, from Opitutus terrae PB90-1	http://microbesonline.org/cgi-bin/fetchLocus.cgi?locus=5646854
5646913_28_225	with other domain, from Opitutus terrae PB90-1	http://microbesonline.org/cgi-bin/fetchLocus.cgi?locus=5646913
5647109_26_198	single domain, from Opitutus terrae PB90-1	http://microbesonline.org/cgi-bin/fetchLocus.cgi?locus=5647109
5647962_33_212	single domain, from Opitutus terrae PB90-1	http://microbesonline.org/cgi-bin/fetchLocus.cgi?locus=5647962
5649866_59_252	single domain, from Opitutus terrae PB90-1	http://microbesonline.org/cgi-bin/fetchLocus.cgi?locus=5649866
5650184_80_251	single domain, from Opitutus terrae PB90-1	http://microbesonline.org/cgi-bin/fetchLocus.cgi?locus=5650184
5650395_26_219	single domain, from Opitutus terrae PB90-1	http://microbesonline.org/cgi-bin/fetchLocus.cgi?locus=5650395
5652927_274_450	with redox domain, from Streptomyces griseus subsp. griseus NBRC 13350	http://microbesonline.org/cgi-bin/fetchLocus.cgi?locus=5652927
5653361_762_951	with other domain, from Streptomyces griseus subsp. griseus NBRC 13350	http://microbesonline.org/cgi-bin/fetchLocus.cgi?locus=5653361
5653581_536_743	with other domain, from Streptomyces griseus subsp. griseus NBRC 13350	http://microbesonline.org/cgi-bin/fetchLocus.cgi?locus=5653581
5653674_1059_1234	with redox domain, from Streptomyces griseus subsp. griseus NBRC 13350	http://microbesonline.org/cgi-bin/fetchLocus.cgi?locus=5653674
5659585_809_995	with other domain, from Streptomyces griseus subsp. griseus NBRC 13350	http://microbesonline.org/cgi-bin/fetchLocus.cgi?locus=5659585
5708882_24_263	single domain, from Cellvibrio japonicus Ueda107	http://microbesonline.org/cgi-bin/fetchLocus.cgi?locus=5708882
5776490_58_250	single domain, from Stenotrophomonas maltophilia K279a	http://microbesonline.org/cgi-bin/fetchLocus.cgi?locus=5776490
5848378_44_283	single domain, from Caulobacter crescentus NA1000	http://microbesonline.org/cgi-bin/fetchLocus.cgi?locus=5848378
5848954_85_286	single domain, from Caulobacter crescentus NA1000	http://microbesonline.org/cgi-bin/fetchLocus.cgi?locus=5848954
5848961_43_276	single domain, from Caulobacter crescentus NA1000	http://microbesonline.org/cgi-bin/fetchLocus.cgi?locus=5848961
5999502_31_225	tandem domain, from Verrucomicrobium spinosum DSM 4136	http://microbesonline.org/cgi-bin/fetchLocus.cgi?locus=5999502
5999707_25_242	single domain, from Verrucomicrobium spinosum DSM 4136	http://microbesonline.org/cgi-bin/fetchLocus.cgi?locus=5999707
6000185_65_271	single domain, from Verrucomicrobium spinosum DSM 4136	http://microbesonline.org/cgi-bin/fetchLocus.cgi?locus=6000185
6000697_153_324	single domain, from Verrucomicrobium spinosum DSM 4136	http://microbesonline.org/cgi-bin/fetchLocus.cgi?locus=6000697
6000757_65_257	single domain, from Verrucomicrobium spinosum DSM 4136	http://microbesonline.org/cgi-bin/fetchLocus.cgi?locus=6000757
6001152_155_332	single domain, from Verrucomicrobium spinosum DSM 4136	http://microbesonline.org/cgi-bin/fetchLocus.cgi?locus=6001152
6001476_8_209	with other domain, from Verrucomicrobium spinosum DSM 4136	http://microbesonline.org/cgi-bin/fetchLocus.cgi?locus=6001476
6001789_36_215	with other domain, from Verrucomicrobium spinosum DSM 4136	http://microbesonline.org/cgi-bin/fetchLocus.cgi?locus=6001789
6001914_31_230	single domain, from Verrucomicrobium spinosum DSM 4136	http://microbesonline.org/cgi-bin/fetchLocus.cgi?locus=6001914
6002224_260_446	tandem domain, from Verrucomicrobium spinosum DSM 4136	http://microbesonline.org/cgi-bin/fetchLocus.cgi?locus=6002224
6002224_25_242	tandem domain, from Verrucomicrobium spinosum DSM 4136	http://microbesonline.org/cgi-bin/fetchLocus.cgi?locus=6002224
6002492_41_212	single domain, from Verrucomicrobium spinosum DSM 4136	http://microbesonline.org/cgi-bin/fetchLocus.cgi?locus=6002492
6002909_27_211	with other domain, from Verrucomicrobium spinosum DSM 4136	http://microbesonline.org/cgi-bin/fetchLocus.cgi?locus=6002909
6003751_44_225	with redox domain, from Verrucomicrobium spinosum DSM 4136	http://microbesonline.org/cgi-bin/fetchLocus.cgi?locus=6003751
6003772_60_269	with redox domain, from Verrucomicrobium spinosum DSM 4136	http://microbesonline.org/cgi-bin/fetchLocus.cgi?locus=6003772
6003860_25_205	with redox domain, from Verrucomicrobium spinosum DSM 4136	http://microbesonline.org/cgi-bin/fetchLocus.cgi?locus=6003860
6004177_75_267	single domain, from Verrucomicrobium spinosum DSM 4136	http://microbesonline.org/cgi-bin/fetchLocus.cgi?locus=6004177
6004371_23_210	single domain, from Verrucomicrobium spinosum DSM 4136	http://microbesonline.org/cgi-bin/fetchLocus.cgi?locus=6004371
6004649_25_232	single domain, from Verrucomicrobium spinosum DSM 4136	http://microbesonline.org/cgi-bin/fetchLocus.cgi?locus=6004649
6004792_562_779	with other domain, from Verrucomicrobium spinosum DSM 4136	http://microbesonline.org/cgi-bin/fetchLocus.cgi?locus=6004792
6004807_27_244	single domain, from Verrucomicrobium spinosum DSM 4136	http://microbesonline.org/cgi-bin/fetchLocus.cgi?locus=6004807
6005410_153_317	single domain, from Verrucomicrobium spinosum DSM 4136	http://microbesonline.org/cgi-bin/fetchLocus.cgi?locus=6005410
6005421_32_237	single domain, from Verrucomicrobium spinosum DSM 4136	http://microbesonline.org/cgi-bin/fetchLocus.cgi?locus=6005421
6005680_33_220	single domain, from Verrucomicrobium spinosum DSM 4136	http://microbesonline.org/cgi-bin/fetchLocus.cgi?locus=6005680
6005885_41_249	single domain, from Verrucomicrobium spinosum DSM 4136	http://microbesonline.org/cgi-bin/fetchLocus.cgi?locus=6005885
6224362_33_229	single domain, from Glaciecola sp. HTCC2999	http://microbesonline.org/cgi-bin/fetchLocus.cgi?locus=6224362
6248661_27_227	with other domain, from Chthoniobacter flavus Ellin428	http://microbesonline.org/cgi-bin/fetchLocus.cgi?locus=6248661
6248765_141_315	single domain, from Chthoniobacter flavus Ellin428	http://microbesonline.org/cgi-bin/fetchLocus.cgi?locus=6248765
6248947_52_255	single domain, from Chthoniobacter flavus Ellin428	http://microbesonline.org/cgi-bin/fetchLocus.cgi?locus=6248947
6248949_36_232	single domain, from Chthoniobacter flavus Ellin428	http://microbesonline.org/cgi-bin/fetchLocus.cgi?locus=6248949
6249337_53_260	single domain, from Chthoniobacter flavus Ellin428	http://microbesonline.org/cgi-bin/fetchLocus.cgi?locus=6249337
6249954_79_272	single domain, from Chthoniobacter flavus Ellin428	http://microbesonline.org/cgi-bin/fetchLocus.cgi?locus=6249954
6250309_145_318	single domain, from Chthoniobacter flavus Ellin428	http://microbesonline.org/cgi-bin/fetchLocus.cgi?locus=6250309
6250794_21_205	with redox domain, from Chthoniobacter flavus Ellin428	http://microbesonline.org/cgi-bin/fetchLocus.cgi?locus=6250794
6250798_23_203	single domain, from Chthoniobacter flavus Ellin428	http://microbesonline.org/cgi-bin/fetchLocus.cgi?locus=6250798
6251338_238_441	tandem domain, from Chthoniobacter flavus Ellin428	http://microbesonline.org/cgi-bin/fetchLocus.cgi?locus=6251338
6251338_25_220	tandem domain, from Chthoniobacter flavus Ellin428	http://microbesonline.org/cgi-bin/fetchLocus.cgi?locus=6251338
6251748_28_203	single domain, from Chthoniobacter flavus Ellin428	http://microbesonline.org/cgi-bin/fetchLocus.cgi?locus=6251748
6252239_27_189	single domain, from Chthoniobacter flavus Ellin428	http://microbesonline.org/cgi-bin/fetchLocus.cgi?locus=6252239
6252404_31_203	single domain, from Chthoniobacter flavus Ellin428	http://microbesonline.org/cgi-bin/fetchLocus.cgi?locus=6252404
6253107_21_166	single domain, from Chthoniobacter flavus Ellin428	http://microbesonline.org/cgi-bin/fetchLocus.cgi?locus=6253107
6253153_22_242	single domain, from Chthoniobacter flavus Ellin428	http://microbesonline.org/cgi-bin/fetchLocus.cgi?locus=6253153
6253284_153_334	single domain, from Chthoniobacter flavus Ellin428	http://microbesonline.org/cgi-bin/fetchLocus.cgi?locus=6253284
6253341_25_206	single domain, from Chthoniobacter flavus Ellin428	http://microbesonline.org/cgi-bin/fetchLocus.cgi?locus=6253341
6254436_268_467	tandem domain, from Chthoniobacter flavus Ellin428	http://microbesonline.org/cgi-bin/fetchLocus.cgi?locus=6254436
6254436_33_250	tandem domain, from Chthoniobacter flavus Ellin428	http://microbesonline.org/cgi-bin/fetchLocus.cgi?locus=6254436
6254732_35_232	single domain, from Chthoniobacter flavus Ellin428	http://microbesonline.org/cgi-bin/fetchLocus.cgi?locus=6254732
6254877_31_231	single domain, from Chthoniobacter flavus Ellin428	http://microbesonline.org/cgi-bin/fetchLocus.cgi?locus=6254877
6254960_116_292	single domain, from Chthoniobacter flavus Ellin428	http://microbesonline.org/cgi-bin/fetchLocus.cgi?locus=6254960
6254985_35_202	single domain, from Chthoniobacter flavus Ellin428	http://microbesonline.org/cgi-bin/fetchLocus.cgi?locus=6254985
6255333_238_444	tandem domain, near sugar dehydrogenase, from Bacteroides eggerthii DSM 20697	http://microbesonline.org/cgi-bin/fetchLocus.cgi?locus=6255333
6255333_22_206	tandem domain, near sugar dehydrogenase, from Bacteroides eggerthii DSM 20697	http://microbesonline.org/cgi-bin/fetchLocus.cgi?locus=6255333
6312265_253_427	tandem domain, from Parabacteroides johnsonii DSM 18315	http://microbesonline.org/cgi-bin/fetchLocus.cgi?locus=6312265
6312265_43_244	tandem domain, from Parabacteroides johnsonii DSM 18315	http://microbesonline.org/cgi-bin/fetchLocus.cgi?locus=6312265
6312381_67_281	single domain, near sugar dehydrogenase, from Parabacteroides johnsonii DSM 18315	http://microbesonline.org/cgi-bin/fetchLocus.cgi?locus=6312381
6312485_36_237	single domain, from Parabacteroides johnsonii DSM 18315	http://microbesonline.org/cgi-bin/fetchLocus.cgi?locus=6312485
6313441_243_456	tandem domain, from Parabacteroides johnsonii DSM 18315	http://microbesonline.org/cgi-bin/fetchLocus.cgi?locus=6313441
6313441_24_211	tandem domain, from Parabacteroides johnsonii DSM 18315	http://microbesonline.org/cgi-bin/fetchLocus.cgi?locus=6313441
6315215_62_268	single domain, from Parabacteroides johnsonii DSM 18315	http://microbesonline.org/cgi-bin/fetchLocus.cgi?locus=6315215
6315623_63_257	single domain, from Parabacteroides johnsonii DSM 18315	http://microbesonline.org/cgi-bin/fetchLocus.cgi?locus=6315623
6316450_33_234	single domain, from Parabacteroides johnsonii DSM 18315	http://microbesonline.org/cgi-bin/fetchLocus.cgi?locus=6316450
6316663_66_265	single domain, from Parabacteroides johnsonii DSM 18315	http://microbesonline.org/cgi-bin/fetchLocus.cgi?locus=6316663
6378172_468_664	with other domain, from Bacteroides cellulosilyticus DSM 14838	http://microbesonline.org/cgi-bin/fetchLocus.cgi?locus=6378172
6378775_22_206	tandem domain, near sugar dehydrogenase, from Bacteroides cellulosilyticus DSM 14838	http://microbesonline.org/cgi-bin/fetchLocus.cgi?locus=6378775
6378775_238_444	tandem domain, near sugar dehydrogenase, from Bacteroides cellulosilyticus DSM 14838	http://microbesonline.org/cgi-bin/fetchLocus.cgi?locus=6378775
6806740_40_249	single domain, from Acidobacterium capsulatum ATCC 51196	http://microbesonline.org/cgi-bin/fetchLocus.cgi?locus=6806740
6833179_24_191	single domain, from Bradyrhizobium sp. BTAi1	http://microbesonline.org/cgi-bin/fetchLocus.cgi?locus=6833179
6890070_31_195	single domain, from Polynucleobacter sp. QLW-P1DMWA-1	http://microbesonline.org/cgi-bin/fetchLocus.cgi?locus=6890070
6891194_243_451	tandem domain, near sugar dehydrogenase, from Robiginitalea biformata HTCC2501	http://microbesonline.org/cgi-bin/fetchLocus.cgi?locus=6891194
6891194_27_211	tandem domain, near sugar dehydrogenase, from Robiginitalea biformata HTCC2501	http://microbesonline.org/cgi-bin/fetchLocus.cgi?locus=6891194
6891478_153_320	single domain, from Robiginitalea biformata HTCC2501	http://microbesonline.org/cgi-bin/fetchLocus.cgi?locus=6891478
6891544_74_269	single domain, from Robiginitalea biformata HTCC2501	http://microbesonline.org/cgi-bin/fetchLocus.cgi?locus=6891544
6891545_43_248	single domain, from Robiginitalea biformata HTCC2501	http://microbesonline.org/cgi-bin/fetchLocus.cgi?locus=6891545
6891662_40_262	single domain, from Robiginitalea biformata HTCC2501	http://microbesonline.org/cgi-bin/fetchLocus.cgi?locus=6891662
6891985_21_192	single domain, from Robiginitalea biformata HTCC2501	http://microbesonline.org/cgi-bin/fetchLocus.cgi?locus=6891985
6894756_89_279	single domain, near sugar dehydrogenase, from Alteromonas macleodii 'Deep ecotype'	http://microbesonline.org/cgi-bin/fetchLocus.cgi?locus=6894756
7044010_37_278	single domain, from Caulobacter sp. K31	http://microbesonline.org/cgi-bin/fetchLocus.cgi?locus=7044010
7045105_38_271	single domain, from Caulobacter sp. K31	http://microbesonline.org/cgi-bin/fetchLocus.cgi?locus=7045105
7045112_52_253	single domain, from Caulobacter sp. K31	http://microbesonline.org/cgi-bin/fetchLocus.cgi?locus=7045112
7058297_78_271	single domain, from Gemmatimonas aurantiaca T-27	http://microbesonline.org/cgi-bin/fetchLocus.cgi?locus=7058297
7061079_158_323	single domain, from Gemmatimonas aurantiaca T-27	http://microbesonline.org/cgi-bin/fetchLocus.cgi?locus=7061079
7079813_53_245	single domain, from Stenotrophomonas maltophilia R551-3	http://microbesonline.org/cgi-bin/fetchLocus.cgi?locus=7079813
7094637_39_268	single domain, from Sphingomonas wittichii RW1	http://microbesonline.org/cgi-bin/fetchLocus.cgi?locus=7094637
7098594_43_237	single domain, from Shewanella woodyi ATCC 51908	http://microbesonline.org/cgi-bin/fetchLocus.cgi?locus=7098594
7352115_10_283	single domain, near sugar dehydrogenase, from Arthrobacter chlorophenolicus A6	http://microbesonline.org/cgi-bin/fetchLocus.cgi?locus=7352115
7376920_669_882	with redox domain, from Methylobacterium nodulans ORS 2060	http://microbesonline.org/cgi-bin/fetchLocus.cgi?locus=7376920
7396237_23_205	single domain, from Dyadobacter fermentans DSM 18053	http://microbesonline.org/cgi-bin/fetchLocus.cgi?locus=7396237
7396463_28_209	single domain, from Dyadobacter fermentans DSM 18053	http://microbesonline.org/cgi-bin/fetchLocus.cgi?locus=7396463
7397379_23_221	single domain, from Dyadobacter fermentans DSM 18053	http://microbesonline.org/cgi-bin/fetchLocus.cgi?locus=7397379
7398144_66_249	single domain, from Dyadobacter fermentans DSM 18053	http://microbesonline.org/cgi-bin/fetchLocus.cgi?locus=7398144
7398304_63_256	single domain, from Dyadobacter fermentans DSM 18053	http://microbesonline.org/cgi-bin/fetchLocus.cgi?locus=7398304
7399151_725_920	with other domain, near sugar dehydrogenase, from Dyadobacter fermentans DSM 18053	http://microbesonline.org/cgi-bin/fetchLocus.cgi?locus=7399151
7399151_937_1124	with other domain, near sugar dehydrogenase, from Dyadobacter fermentans DSM 18053	http://microbesonline.org/cgi-bin/fetchLocus.cgi?locus=7399151
7399352_36_257	single domain, near sugar dehydrogenase, from Dyadobacter fermentans DSM 18053	http://microbesonline.org/cgi-bin/fetchLocus.cgi?locus=7399352
7399411_59_252	single domain, from Dyadobacter fermentans DSM 18053	http://microbesonline.org/cgi-bin/fetchLocus.cgi?locus=7399411
7399412_24_222	with other domain, from Dyadobacter fermentans DSM 18053	http://microbesonline.org/cgi-bin/fetchLocus.cgi?locus=7399412
7399615_36_237	single domain, from Dyadobacter fermentans DSM 18053	http://microbesonline.org/cgi-bin/fetchLocus.cgi?locus=7399615
7399686_28_216	single domain, from Dyadobacter fermentans DSM 18053	http://microbesonline.org/cgi-bin/fetchLocus.cgi?locus=7399686
7399905_41_280	single domain, from Dyadobacter fermentans DSM 18053	http://microbesonline.org/cgi-bin/fetchLocus.cgi?locus=7399905
7400455_27_255	single domain, from Dyadobacter fermentans DSM 18053	http://microbesonline.org/cgi-bin/fetchLocus.cgi?locus=7400455
7400589_36_208	single domain, from Dyadobacter fermentans DSM 18053	http://microbesonline.org/cgi-bin/fetchLocus.cgi?locus=7400589
7400791_32_232	single domain, from Dyadobacter fermentans DSM 18053	http://microbesonline.org/cgi-bin/fetchLocus.cgi?locus=7400791
7401597_154_318	single domain, from Dyadobacter fermentans DSM 18053	http://microbesonline.org/cgi-bin/fetchLocus.cgi?locus=7401597
7401616_33_238	single domain, from Dyadobacter fermentans DSM 18053	http://microbesonline.org/cgi-bin/fetchLocus.cgi?locus=7401616
7401894_28_214	tandem domain, from Dyadobacter fermentans DSM 18053	http://microbesonline.org/cgi-bin/fetchLocus.cgi?locus=7401894
7401894_245_452	tandem domain, from Dyadobacter fermentans DSM 18053	http://microbesonline.org/cgi-bin/fetchLocus.cgi?locus=7401894
7408621_1059_1238	with redox domain, from Saccharomonospora viridis DSM 43017	http://microbesonline.org/cgi-bin/fetchLocus.cgi?locus=7408621
7409619_978_1192	with redox domain, from Saccharomonospora viridis DSM 43017	http://microbesonline.org/cgi-bin/fetchLocus.cgi?locus=7409619
7460876_127_321	with other domain, near sugar dehydrogenase, from Pedobacter heparinus DSM 2366	http://microbesonline.org/cgi-bin/fetchLocus.cgi?locus=7460876
7460880_26_210	with other domain, near sugar dehydrogenase, from Pedobacter heparinus DSM 2366	http://microbesonline.org/cgi-bin/fetchLocus.cgi?locus=7460880
7460989_37_237	single domain, from Pedobacter heparinus DSM 2366	http://microbesonline.org/cgi-bin/fetchLocus.cgi?locus=7460989
7461474_57_230	single domain, near sugar dehydrogenase, from Pedobacter heparinus DSM 2366	http://microbesonline.org/cgi-bin/fetchLocus.cgi?locus=7461474
7462073_27_213	tandem domain, near sugar dehydrogenase, from Pedobacter heparinus DSM 2366	http://microbesonline.org/cgi-bin/fetchLocus.cgi?locus=7462073
7462073_244_451	tandem domain, near sugar dehydrogenase, from Pedobacter heparinus DSM 2366	http://microbesonline.org/cgi-bin/fetchLocus.cgi?locus=7462073
7462077_47_242	single domain, from Pedobacter heparinus DSM 2366	http://microbesonline.org/cgi-bin/fetchLocus.cgi?locus=7462077
7462545_728_927	with other domain, near sugar dehydrogenase, from Pedobacter heparinus DSM 2366	http://microbesonline.org/cgi-bin/fetchLocus.cgi?locus=7462545
7462545_945_1134	with other domain, near sugar dehydrogenase, from Pedobacter heparinus DSM 2366	http://microbesonline.org/cgi-bin/fetchLocus.cgi?locus=7462545
7462744_154_320	single domain, from Pedobacter heparinus DSM 2366	http://microbesonline.org/cgi-bin/fetchLocus.cgi?locus=7462744
7462756_24_208	tandem domain, from Pedobacter heparinus DSM 2366	http://microbesonline.org/cgi-bin/fetchLocus.cgi?locus=7462756
7462756_240_449	tandem domain, from Pedobacter heparinus DSM 2366	http://microbesonline.org/cgi-bin/fetchLocus.cgi?locus=7462756
7463546_27_228	single domain, from Pedobacter heparinus DSM 2366	http://microbesonline.org/cgi-bin/fetchLocus.cgi?locus=7463546
7465265_59_258	single domain, near sugar dehydrogenase, from Chitinophaga pinensis DSM 2588	http://microbesonline.org/cgi-bin/fetchLocus.cgi?locus=7465265
7470097_50_253	single domain, from Chitinophaga pinensis DSM 2588	http://microbesonline.org/cgi-bin/fetchLocus.cgi?locus=7470097
7470545_41_248	single domain, from Chitinophaga pinensis DSM 2588	http://microbesonline.org/cgi-bin/fetchLocus.cgi?locus=7470545
7470554_25_253	single domain, from Chitinophaga pinensis DSM 2588	http://microbesonline.org/cgi-bin/fetchLocus.cgi?locus=7470554
7471529_22_194	single domain, from Chitinophaga pinensis DSM 2588	http://microbesonline.org/cgi-bin/fetchLocus.cgi?locus=7471529
7471539_7_192	tandem domain, from Chitinophaga pinensis DSM 2588	http://microbesonline.org/cgi-bin/fetchLocus.cgi?locus=7471539
7471539_225_437	tandem domain, from Chitinophaga pinensis DSM 2588	http://microbesonline.org/cgi-bin/fetchLocus.cgi?locus=7471539
7471562_33_235	single domain, from Chitinophaga pinensis DSM 2588	http://microbesonline.org/cgi-bin/fetchLocus.cgi?locus=7471562
7665029_26_279	single domain, from Hirschia baltica ATCC 49814	http://microbesonline.org/cgi-bin/fetchLocus.cgi?locus=7665029
9545202_270_455	with other domain, from Emiliania huxleyi CCMP1516	http://microbesonline.org/cgi-bin/fetchLocus.cgi?locus=9545202
9773965_1026_1218	with redox domain, from Phytophthora capsici	http://microbesonline.org/cgi-bin/fetchLocus.cgi?locus=9773965
97908_44_283	single domain, from Caulobacter crescentus CB15	http://microbesonline.org/cgi-bin/fetchLocus.cgi?locus=97908
98453_43_276	single domain, from Caulobacter crescentus CB15	http://microbesonline.org/cgi-bin/fetchLocus.cgi?locus=98453
Cola__Echvi_2921	single domain 3-ketoglycoside hydrolase from Echinicola vietnamensis KMM 6221	
Korea__Ga0059261_0549	single domain, from Sphingomonas koreensis DSMZ 15582	
Pedo557__CA265_RS01885	single domain, from Pedobacter sp. GW460-11-11-14-LB5	
Pedo557__CA265_RS22975	single domain 3-ketotrehalose hydrolase from Pedobacter sp. GW460-11-11-14-LB5	
THTE_1561	endoxanthanase from Thermogutta terrifontis	
