uniprotId	desc	seq
A0A097AUI2	SubName: Full=Serine-pyruvate aminotransferase {ECO:0000313|EMBL:AIS53461.1}; EC=2.6.1.51 {ECO:0000313|EMBL:AIS53461.1};	MKEMILMTPGPTMVPEEVKKVAGAQPLHHRTEEFYELFSNLNKNLKEIFKTKNEVITLTSSGTGGMEAVIANLFSTGDKVLVASIGYFGERFYDIAKAYGLDAELQDFGWGNAVDPNVLEDKLRNGNYKALLVTHNETSTGVTNNVKEIAKIADRYGVAVIVDAVSSLGGIPLEMDEWGIDAVITCSQKCLMSPPGLSFVALSERAWKMAETSNLPKYYFNLKKAREGVLKPNPDTPATPAVSTIMAVAKATNMLLEFGLDNVYKRQATYGKRVREYVKSLGLELLPEEDIASDLITAIKVPEKYKASEIINHMKEKHGVLITGGQGPLKGKIIRIGHMGYVTEEMLTKTLEALKDAIKE
A0A0H2X4P1	SubName: Full=Acetolactate synthase isozyme II small subunit {ECO:0000313|EMBL:AAY47914.1};	MRYRLDLVLKPAEGALVRVIGMTERRGFRPCAIQGAAAPDDAGRWHLQLDVDSTRPPETLRLQLEKVYDCESVAITALDSVEAAA
A0A0H2XA29	SubName: Full=Phosphoglycerate mutase {ECO:0000313|EMBL:AAY50331.1};	MRILLARHGETPWNAEGRYQGQIDIPLSPVGEGQGAALGARLQALQITRAVASPLSRAQATATLALGSARAGLLQTDADLQEIAHGEWEGLLASEINDKDPARLRAWREEPDTVLMPGGESLRQVLDRSWRGLARAADGLGADDTLLVVAHDAVNRVILCKILGLPLSKLWTFRQAPTTLNLLEGDDVDHLEVVRLNDCAHHTPFFGEAKHRAL
A0A0H3C7V8_CAUVN	RecName: Full=Aspartate--tRNA(Asp/Asn) ligase {ECO:0000256|HAMAP-Rule:MF_00044}; EC=6.1.1.23 {ECO:0000256|HAMAP-Rule:MF_00044}; AltName: Full=Aspartyl-tRNA synthetase {ECO:0000256|HAMAP-Rule:MF_00044}; Short=AspRS {ECO:0000256|HAMAP-Rule:MF_00044}; AltName: Full=Non-discriminating aspartyl-tRNA synthetase {ECO:0000256|HAMAP-Rule:MF_00044}; Short=ND-AspRS {ECO:0000256|HAMAP-Rule:MF_00044};	MTTMHAYRTHNCGALRASDTGAAVRLSGWIHRKRDHGGLVFIDLRDHYGLTQLVLHPETPGFNVVERLRAESVIRVDGEVIARDASVVNPNLPTGEIEIRVSAVEVLSEAAELPLPVFGEPDYPEEIRLKHRYLDLRRETLHKNIVLRSRVIQSIRNRMFAQGFNEFQTPILTASSPEGARDFLVPSRLHPEKFYALPQAPQQFKQLLMVSGFDRYFQIAPCFRDEDLRADRSLEFYQLDVEMSFVTQEDVFAAIEPVMHGVFEEFSNGKPVSPINGTHTFTNDFGQSFEHKGFERLTYAQSMAWYGSDKPDLRNPIKMANVSEHFRDGGFGLFAKILGADAKNQVWAIPAPTGGSRAFCDRMNSWAQGEGQPGLGYVFWSEDQGGWGGPIAKNLGEPTQALMESLGLGAGDAAFFVAGDPAVFAKFAGLARTRVGTELKLVDENQFKFCWIVDFPMFEWNEEEKKVDFSHNPFSMPQGGLEALETQDPLTIRAYQYDIVCNGYELCSGAIRNHKPEIMLKAFATAGYGPEVVEEQFGGMLNAFRYGAPPHGGLAPGIDRIVMLLADQVAIREVIAFPLNQQGQDLLMNAPANVLDKQLKELHIRTAPPIKV
A0A0H3C8P5_CAUVN	RecName: Full=Glutamate--tRNA ligase {ECO:0000256|HAMAP-Rule:MF_00022}; EC=6.1.1.17 {ECO:0000256|HAMAP-Rule:MF_00022}; AltName: Full=Glutamyl-tRNA synthetase {ECO:0000256|HAMAP-Rule:MF_00022}; Short=GluRS {ECO:0000256|HAMAP-Rule:MF_00022};	MSNPTPTGVVTRFAPSPTGFLHIGGARTALFNWLYARHTGGKFLIRVEDTDRERSTEAAVAAIFEGLDWLGLKSDDEVIFQHTRAPRHVEVVHELLAKGRAYRCWMSIEELEVAREKARAEGRAIRSPWRDAPEGDLSAPHVIRFKGPLDGETLVNDLVKGPVTFKNIELDDLVLLRADGAPTYNLAVVVDDHDMGVTHVIRGDDHLNNAARQTLIYQAMDWAVPAFAHIPLIHGPDGAKLSKRHGAQAVGEFADLGYIPEGMRNYLARLGWGHGDDEVFTDEQAISWFDVADVVKAPARLDWAKLNHINAQHLRKADDARLTALALAAAETRGEPLPADAAERIARTVPEVKEGAKTILELVDHCAFALKTRPLALEEKTQKQLTEETVERLKRLRDQLAAAPDFDAATLETVLKSFAESEGVGFGKFGPALRGVLTGGAQAPDLNKTMAALSRDEAIGRLDDALAPRA
A0A0H3CC53_CAUVN	RecName: Full=N-(5'-phosphoribosyl)anthranilate isomerase {ECO:0000256|ARBA:ARBA00022272, ECO:0000256|HAMAP-Rule:MF_00135}; Short=PRAI {ECO:0000256|HAMAP-Rule:MF_00135}; EC=5.3.1.24 {ECO:0000256|ARBA:ARBA00012572, ECO:0000256|HAMAP-Rule:MF_00135};	MSISAHGAKICGLSTPETVKAAFDGAAAFLGFVFFDKSPRNVAPEVAARLVEPVRGRGVQTVAVTVDPDDALIDRLMATMRPDLIQVHGKETPSRVREIAARAGVGVIKAFSVSSSADVDQAAAFDGVAQHLMFDARPVEGSVLPGGTGARFDWGLLAGRRFSRPHFLAGGLDPWNVGEAIKTSGTPLVDVSSGVERGPGLKDPALISAFLDAVKRAKD
A0A0L7BRC5	SubName: Full=HAD family hydrolase {ECO:0000313|EMBL:KOA49733.1};	MANSPITDVIFDFCGVLLDWNTRACLEGKFPDDVVNRICANDDPCGFFHYEDRMDAGEDLADILPDVRREQGDELAAIFEYYIAHYDDALPRTLPGMVELLEDLKAHGYGVWGLTNWSHETFHLAFEKFPRLEELLQGTVVSGVEKMHKPNADIYELALNHFGLTAGNCVFFDDTAKNIVGANEVGIHGLLFENALQARESLAQLGVRL
A0A0V8M4G6	SubName: Full=Methionine synthase {ECO:0000313|EMBL:KSV18675.1};	MTKTDFHFLPTMIGSMPHTDPKAAVDIITHYLQDIPVWPQLPRRSCLEGMSAQFSQGLPGVKINQDKVWIEPNPSFESELESLYQAYLDNDFNKFPIGAEYAAGLYELASRNLSPLLVKGHITGPLTYCMSIKDPSGKDILYDEVLSDAATKLLKLKATWQEHFLRNICRNTIIFVDEPAMSAYGSAYLPLSREQVTGMFDEVFSGISGLKGVHCCGNTDWSILMDTRVDIINFDTYAYANSLSIYTDEVKAFIKRGGAVAWGIVPTDEKALKEETAASLKDRLEAAMSHFDSHGLPFAELARHSLITPACGLGLKSPEAAERAPQLLAELSALLRRKHGTV
A0A127FCT3	RecName: Full=DUF1611 domain-containing protein {ECO:0008006|Google:ProtNLM};	MKTVVVDKIGSITQALNLGHELRVATRDIPCEEGVVLVVEILTSKSTYNMLELNSGRMAKVSKGDIIVGALGHRRALFGYSGHIPASVQAGDIIQVLNIGGVLGVVESVNPEKGRPFDARVIGMVLQFPYLGERIGVPARVGYQRLNYDAPLNTRGVPIVAMAGTCMEAGKTAAACSIVARMRHRGLNVHAFKATGVSLRRDILAMEDAGARRSMIFTDLGVVTTTAKNGPAITRSLLTAMSEGNPDLIIFELGDGLLGAYGVEAILASPDIKAVLTSVVLCANDPVAAWGGVKLLREKFGIEPAVVTGPATDNAVGVDIIRDQFGVPAFNAITDGAALGDRVIESLGLSPRQAAEH
A0A135IJ25	RecName: Full=Shikimate kinase {ECO:0000256|ARBA:ARBA00012154, ECO:0000256|HAMAP-Rule:MF_00109}; Short=SK {ECO:0000256|HAMAP-Rule:MF_00109}; EC=2.7.1.71 {ECO:0000256|ARBA:ARBA00012154, ECO:0000256|HAMAP-Rule:MF_00109};	MSEKEQTLSGAGDRRVPGALKKTIVMVGMMGAGKTAVGRALAARLQAPFLDSDHEIEAAANRTIPEIFARDGEPFFRKKERQVIRRLLDEERGVLSTGGGAFLAEENRQIISERGVAIWLNADLEVLWNRVKHRDTRPLLRTEDPHATLSALYHDRVPYYAQADLTVVSDGQASIDEMVNRVVEALRARPDVLEWV
A0A154R0Y7	RecName: Full=Acetolactate synthase small subunit {ECO:0000256|RuleBase:RU368092}; Short=AHAS {ECO:0000256|RuleBase:RU368092}; Short=ALS {ECO:0000256|RuleBase:RU368092}; EC=2.2.1.6 {ECO:0000256|RuleBase:RU368092}; AltName: Full=Acetohydroxy-acid synthase small subunit {ECO:0000256|RuleBase:RU368092};	MNHTLSILLQNEAGALVRVAGLFAARGYNIDTLTVAATHDPAVSRLTLSLQCDEAALGQILQQTRKLVDVLQVAHPAAALAA
A0A160HWY7	RecName: Full=prephenate dehydratase {ECO:0000256|ARBA:ARBA00013147}; EC=4.2.1.51 {ECO:0000256|ARBA:ARBA00013147};	MQVAAPTEEKPGRVAYQGAPGSFSHEACLALRPWDEAVAFETFAQALDALRAGDCGCALIPVENSTIGVVEPAATLVGALGVEPVAQVWRPIRHALMAIDGARLSDIRTVESHPIALAQCKDTLAGLNVEVVEHFDTAGAARDVAEAGDPTRAAIAPVGAAEVYGLSILRNDLQDSGDNQTRFVLLSFPEG
A0A161J739	SubName: Full=Acetolactate synthase 3 regulatory subunit domain protein {ECO:0000313|EMBL:ANC53960.1};	MSNTIHIQIDRADGSLQRLIGLVERRGFHIDGMALADEGAFRRIALTVRGRDAGRCMDNLGRQIDRLFGVRRISNDMIRSEAA
A0A165KUI5_9BURK	RecName: Full=Cystathionine gamma-synthase {ECO:0008006|Google:ProtNLM};	MTTPQNQSFTTQIVHADRLGGAEQGAIHQPIHTSVQYGYDKVEDLIAVFQGTAKGGFNYARQGTPTTAALEAKITKMERGHGTIVFSSGMAGICAVFLTLLKAGDHLVASQFVFGNTNSVLGTLADLGVEVTTVDVTDAANVAAALRPNTRMVFVETIANPGTQIPDLEGIGALCKAHGALYVVDNTVASPYLFRAATVGAGLVVNSLTKSIGGLGDALGGAITDTGLYDWSRYPNIFAAYRKGDAKGWGLQQLRKKGLRDMGGTLSSHAAHQLALGAETLALRMDRTSATALALAQWLEAHPAIARVHYPLLPSHPQHAFAKKHLKAGSWLLSFELRDPDQCLPVCNRLQLPIKATGLADTRTLIIPVAHTIFWEAGPAVRASMGIADSMIRLSVGLEEVEDLLADFEQALAGA
A0A166NT80_PSEFL	RecName: Full=Indole-3-glycerol phosphate synthase {ECO:0000256|HAMAP-Rule:MF_00134}; Short=IGPS {ECO:0000256|HAMAP-Rule:MF_00134}; EC=4.1.1.48 {ECO:0000256|HAMAP-Rule:MF_00134};	MSVPTVLENILARKVQEVAERSARVSLAELENLAKAADAPRGFAKALIDQAKTKQPAVIAEIKKASPSKGVIRENFVPADIAKSYEKGGATCLSVLTDIDYFQGADAYLQQARAACKLPVIRKDFMIDPYQIVESRALGADCVLLIVSALDDVKMAELAAVAKSVGLDVLVEVHDGDELERALKTLDTPLVGVNNRNLHTFEVNLETTLDLLPRIPRDRLVITESGILNRADVELMEISDVYAFLVGEAFMRAESPGTELQRLFFPERGIPVSGSTLD
A0A168MV81	RecName: Full=homoserine dehydrogenase {ECO:0000256|ARBA:ARBA00013213}; EC=1.1.1.3 {ECO:0000256|ARBA:ARBA00013213};	MSAQLAVVEKSESLGPSSQPSPDLVGPEVVVLKFGSSILRSPAEAPLVASAVYGHVRAGRKVVAVVSAFGGATDRLLGEARALGLAHSNDLLPGYVALGEEKSAALVAIACDRIGLDACALSVRELGIVAEGEPEHSRPCGLRPDHLKQALDRHEVVVVPGFGAVRPDGKVALLGRGGSDLTAVFLAAELGLKKVRLVKDVDGLYDHDPNDKTAPALRYRRASWDVARKLGGALVQHDAIDLGESRGVEIEVAALDRADGTVIGDRSAPPGPAPALPPLKVAVAGCGVVGGGVLGKLLNDPRYEVVGVLVRNPKKARDVDCPASLFTSNPADLWAKKPDVVLEALSEGEAGHAVIRAALEAGCDVASANKQAVSRDPGGLQELAKANGRRMFWSASVGGGSPMIETVRAARAAGEVVGFEAVLNGTVNFMLERLGDGAAFNEALADARAAGFAEEDPSSDLEGLDAAAKVRLLCHEAFGRSPDGDVPRDHLTEATSAAGGVRQIGAAHLKDGVIRPSVSLNADHGDPLFSTLRGEGNALKVYGADGRVWRCRGRGAGRWATTESIMADLAEIVRARRADAGLN
A0A1H0J514	SubName: Full=Glutamate 5-kinase {ECO:0000313|EMBL:SDO38806.1};	MNKPILVLKLGTASITTPKGELDEGVIADVAAQVAKLAKDYRLILVSSGAVAAGKQYIKNYKGKISERKAAAAIGNPILLNTYSKYFYPYGIQMAQSLCERRHFSNRTQFLQLKNTYEELWKNGVIPIANENDVVSDLEIKFSDNDELATLLGVGFGASMILLGTSVPGVLDKEGKVIDKIDSINSDVFSLANKKTSDLGLGGMVSKLTFAHLASTMGIKVVIFGIRTVNGILDAVKEKTGTSCTPKNASISARNKWLASGSLVTGRLMVDEGACDAIRKRKSLLAVGVIDVVEQFGNGEIFEVIDAEKNIVAVARAKASSAAILKDSKQHNLEIANASDIVIL
A0A1I1YPH6	SubName: Full=HAD-superfamily subfamily IB hydrolase, TIGR01490 {ECO:0000313|EMBL:SFE20043.1};	MTSDTPASRPRLALFDLDHTLLPLDSDFEWGEFTIRIGWTDRAEFGRRNQEFYDHYVAGTLDVHDYVRFAVDAVRRAGPEASAAAHAQFMRDVIHPAIRTEAVELLRGHRDAGDEVVIVTATNEFVTRPIAQALGVEQLLAVELERDDQGWITGGVRGVPSMREGKVRRMEQWLAARGWTWSDVESTFYSDSMNDVPLLEKVDHPVATNPDTRLRALAQQRGWRILDLFPTPTP
A0A1I2DIG3_9GAMM	RecName: Full=Argininosuccinate synthase {ECO:0000256|ARBA:ARBA00012286, ECO:0000256|HAMAP-Rule:MF_00005}; EC=6.3.4.5 {ECO:0000256|ARBA:ARBA00012286, ECO:0000256|HAMAP-Rule:MF_00005}; AltName: Full=Citrulline--aspartate ligase {ECO:0000256|ARBA:ARBA00029916, ECO:0000256|HAMAP-Rule:MF_00005};	MSKDIVLAFSGGLDTSFCVPYLKERGWNVHTVFADTGGVDAEERAYIEARAQELGVASHVTVDGGPAIWNGFVKPFVWAGEGYQGQYPLLVSDRYLIVDAAIQRCAELGTRAIAHGCTGMGNDQVRFDLAVKALGDYEIVAPIREIQKEHTQTRAYEQAYLEERGFPVRAKQKSYTINENLLGVTLSGGEIDLWKAPGEGARGWCKPRAEWPSEKLSVTLGFEHGEAVSLNGEKLPGAKILARLNELFAPYGVGRGMYTGDTTIGLKGRIVYEAPGLISLLAAHRALEEAVLTKQQNRFKPEIARKWVEVVYEGFFHDPVKTDLEAFLASSQQQVNGDVVLETSGAQVTAVEVRSPHILNAKGATYAQSADWGVAEAEGFIKLFGMSSTLWAEVNRKG
A0A1I2DIM7	RecName: Full=Acetylglutamate kinase {ECO:0000256|ARBA:ARBA00021197, ECO:0000256|PIRNR:PIRNR036441}; EC=2.7.2.8 {ECO:0000256|ARBA:ARBA00013065, ECO:0000256|PIRNR:PIRNR036441};	MEAHKHTRKTIVRLLSSMGSAKEIQQYLKRFSQLDAKRFAVVKVGGAVLRDDLPALTSSLTFLQQVGLTPIVLHGAGPQLDEELSAAGIQKQTVNGLRVTSPKALAIVRKVFQEQNLRLVEALQGMDTRATSVPSGVFTSEYLDRDVYGLVGKVSSINLAPIEASLRAGSIPVIASLGETAEGQILNINADFAANELVRVLQPYKIVFLTGTGGLLDDKGRIIDSINLSTEYEHLMAQPWINGGMRVKIEQIADLLSSLPLTSSVSITQPSELAKELFTHKGSGTLVRRGEKVLRYESWEGIDLARMRELIESSFGRKVVADYFERTRPYRIYVSENYRAAMILTQEEGLAYLDKFAVLDDAQGEGLGRAVWQVMREENPQLFWRSRHGNQVNIFYYAESDGCFKQERWKVFWYGLKNFGEIERCVAHCAVRPATLMD
A0A1I2DJB5_9GAMM	RecName: Full=N-acetyl-L-citrulline deacetylase {ECO:0000256|HAMAP-Rule:MF_02236}; Short=ACDase {ECO:0000256|HAMAP-Rule:MF_02236}; Short=Acetylcitrulline deacetylase {ECO:0000256|HAMAP-Rule:MF_02236}; EC=3.5.1.- {ECO:0000256|HAMAP-Rule:MF_02236};	MSQLLDDTLRHLRALVSHDTRNPPREIGTGGIFDYLREQLAGFEVTVTDFGAGAVNLYAVRGKPKYLFNVHLDTVPDSPHWSADPHVLRVEGDRAIGLGACDIKGAAAALVAVANATQGDMALLLSTDEEANDARCIAGFLKDHPVYEAVIVAEPTKGEAVLAHRGIHSVQMRFSGKAGHASGEQKPSDSAVHQAVRWGVAALDYVESQAHERFGGLTGLRFNIGKVEGGIKANVIAPTADVRFGFRPLPSMDADRMLETFRTLVEPQPVEFGETFRGDSLPAGDTATAETRRLAARDLADELGIPVGNAVNFWTEAALFSAAGYISFVYGPGDIAQAHAADEWVALEQLDHYAQTIYRIVDRGSA
A0A1I2JHD2_9GAMM	SubName: Full=Threonine synthase {ECO:0000313|EMBL:SFF54252.1};	MSEPLLYHSTRGAAHGAGIGEAIAAGLAPDGGLYVPEALPSRRPDDFDPDGTLADTAARLLRPFFAGHALAAELPAICAEAFCFDAPLRPLPQHPGAAMLELFHGPSAAFKDFGARFLASCFRRLRKAGEAPLTILVATSGDTGAAVAAAFHRQPGVEVVILYPDGLVSPRQAHQLGCFGDNVRALRVAGRFDDCQRMVKAALNDTALQAQRPLSSANSISLGRLLPQMAYYAHASLRWWREHRRPLNFIVPTGNLGNALAAVWVREMGLPVGAIELACNANETLPDYFAGTPYAPRAAVATLANAMDVGAPSNFERLRWTFPYDDDLRGQLSSHSVDDDTIRATVRRHALEHGEVFCPHTATAMHRLDLRQEKADWAVVSTAHAAKFESVVEPLIGRGVAVPPALQAMLARPAQAEAIEASDDALKQWLLPQPAHVRRLG
A0A1L6J6Q3	RecName: Full=Homoserine dehydrogenase {ECO:0000256|ARBA:ARBA00013213, ECO:0000256|RuleBase:RU000579}; EC=1.1.1.3 {ECO:0000256|ARBA:ARBA00013213, ECO:0000256|RuleBase:RU000579};	MTEPLRVALAGLGTVGAGVIRLIDANAELIARRAGRPIEIVAVSARDRAKDRGVDITRFDWVDDMTELARHPKADVVVELIGGSDGPALALARATLAAGKGLVTANKAMIAHHGLELAQVAEKSDTPMKFEAAVAGGVPVIKGLREGAAANQIDRVYGILNGTCNFILSKMEAEGRDFGEVLAEAQAAGFAEADPSFDIDGVDAAHKLSILASIAFGTQPAFGDVAIGGIRHLLAADIAEAAALGYRIRLLGIADLSGNGLFQRVHPHLVPLSHPLAHVLGPTNAVVAEGNFVGRLLFQGAGAGDGPTASAVVADLIDIARTEFGPPYAMPATSLAAEPVAPTGERRGRAYLRFTVADKVGVLAEIAAAMRDAGVSIESLIQRGAMADGSVLVAIVTHEVPERSIAQALEKLRGSPSLAGEPMWMHILGE
A0A1L6J750	SubName: Full=Prephenate dehydrogenase {ECO:0000313|EMBL:PJI88995.1};	MKRFGIIGFGRFGQLAARHLRDHFSVVVTDTADVGEAAAAIGVKTGSLADAADCDVVMLAVPVQAMAATIAAIAPLVRPGALVLDVASVKMLPARWMLEALPESVDIVATHPLFGPQSARGGLEGQPLVVCAVRGERHHKVAEFGRSLGLSVSITTAEEHDREMAYVQALTHLIGRALVNIRIPDEELKTNSYQHLLELCGLIRDDSKELFFAIQNLNPYAEEITRQFIAEANGLLAESLKAGNRSAAD
A0A1L6JC25_9SPHN	RecName: Full=N-(5'-phosphoribosyl)anthranilate isomerase {ECO:0000256|ARBA:ARBA00022272, ECO:0000256|HAMAP-Rule:MF_00135}; Short=PRAI {ECO:0000256|HAMAP-Rule:MF_00135}; EC=5.3.1.24 {ECO:0000256|ARBA:ARBA00012572, ECO:0000256|HAMAP-Rule:MF_00135};	MPVTAKICGLSTAATLDTALAGGASHVGFVFFPPSPRHVTFDQAGSLSTRVPAQTGKVGVFVDPEDALLESAIRAARLDAIQLHRVTPERAAAIGARTRLPVWAAVAVKTRADLDAANGFRGAVQRILYDAKVPEDAKLPGGMGIRFDWTLLQGFAHPLPWALSGGLDPANVAEAVGITGARLVDVSSGVESAPGVKDEAKIAAFLKTVATL
A0A1L8CUL6	RecName: Full=prephenate dehydratase {ECO:0000256|ARBA:ARBA00013147}; EC=4.2.1.51 {ECO:0000256|ARBA:ARBA00013147};	MRTGYLGPPGTFSEKALALLKHPVTQKVWYRSFQDIVKALLKGDIESALFPLENSISGKVVEVDDLLTTLKNKLILLEEVFLPITPGLFSYTARNLEEVKVVLSRPELWEQCREYFQGKPGLKFLPALSSSQAAFKAKKIKGAAFIADLEYRQKARVLGLLVNDHRPSITRFGLFKIM
A0A1R2PVY2	RecName: Full=Phosphoserine phosphatase {ECO:0000256|ARBA:ARBA00015196}; EC=3.1.3.3 {ECO:0000256|ARBA:ARBA00012640}; AltName: Full=O-phosphoserine phosphohydrolase {ECO:0000256|ARBA:ARBA00031693};	MSIIYFITTQDIDTFQKKLQETLFNAVTMPFPLLFDKRYAALINTAYLKLTLPAECLTPEFYRYLRELSLQWQFDFFIKPQPLPANGIIAFDMDSTFIAEEGVDEIARELGMSTQITAITQQAMEGKLDFNASFTRRIGMLKGTPKAVLNAVCDRMTLSPGLLTILPVIKAKGFKTAIISGGLDIFTQRLKARYQLDYAFSNTVEIRDNVLTDNITLPIMNAANKKQTLVDLAARLNIATENIIACGDGANDLPMLEHAGTGIAWKAKPVVREKIHHQINYHGFELLLFLIEDEL
A0A1T4W7T3	SubName: Full=Aspartate aminotransferase {ECO:0000313|EMBL:SKA73374.1};	MSTQDFAALKLFITGPTLLRPEVRQAGTLPEFGHRDSENLKRLEPAMHWLAELADAGDQYTPVLFLGSGSTGLEAAVRSLVAEDETVLNVSVGAFGDLFHSMAVANGKRAVQLKFDMGRAIDLDELDRALTEHRPGVVTFTHNETSTGVINDIHAVTELVRRRGALSVVDGVSIFGGTELGLKDSGIAMYCSATQKSLALPAGFGIGLIHAEAAEKAARVTNKGHGSDILKHLDKARKFQTLSTPNTTLANQLYVQLRYIMEEEGMARRFARHRAMREMVARWVDGLEGFRLFAQEGFRSPALTTVQVPDGVSVQQLKQVKETMRARGYLFDPGYGKLNTELEASGRAPIFRVGHMGDITPAMLEEYLGELGEVLAAL
A0A1X9Z750_9SPHI	SubName: Full=2-isopropylmalate synthase {ECO:0000313|EMBL:ARS41048.1};	MIHDPNKVYIFDTTLRDGEQVPGCQLDTNQKVEIAKSLELLGVDVIEAGFPVSSPGDFNSVIELSKAVTNPIICALTRANKNDIDVAADALRYAKRPRIHTGIGSSDFHIKHKFNSTREEILERAVEAVRYSKKFVEDVEFYAEDAGRADIEFLAKMVEAVIAAGATVVNIPDTNGYCLPDQYGSKILFLKENVKNIDKAIISVHCHNDLGLATANSIAGLQNGARQVECTINGIGERAGNTSMEEVVMILKTHKILGLNTQIDATRFYEMSHMVRNQMNMPVQPNKAIVGGNAFSHSSGIHQDGFLKNRENYEIIKPEDVGFPDATIVLTARSGRHALKHHLDRLGHKLEKDHLDIVYKQFLVLADSKQGINDQDLNQLVALHLA
A0A1X9Z766	RecName: Full=3-isopropylmalate dehydratase small subunit {ECO:0000256|HAMAP-Rule:MF_01031}; EC=4.2.1.33 {ECO:0000256|HAMAP-Rule:MF_01031}; AltName: Full=Alpha-IPM isomerase {ECO:0000256|HAMAP-Rule:MF_01031}; Short=IPMI {ECO:0000256|HAMAP-Rule:MF_01031}; AltName: Full=Isopropylmalate isomerase {ECO:0000256|HAMAP-Rule:MF_01031};	MKKFTKLTSAVVPLNIENIDTDQIIPARFLKATTREGFGENLFRDWRYENDNQPKADFVMNNPTYSGQVLVAGKNFGCGSSREHAAWAIQDAGFDAVISSFFADIFKGNALNNGLLPIQVSDEFLAQIFKAVDNNPKSALEVDLENQTVTIVETGAQESFEINPYKKSCLINGYDDIDFILNQKQLIEEFEEGRR
A0A1X9Z7Q6_9SPHI	RecName: Full=4-hydroxy-tetrahydrodipicolinate reductase {ECO:0000256|HAMAP-Rule:MF_00102}; Short=HTPA reductase {ECO:0000256|HAMAP-Rule:MF_00102}; EC=1.17.1.8 {ECO:0000256|HAMAP-Rule:MF_00102};	MKLALLGYGKMGQIIEKFAVERGHEIVLKITIDNQEDLTRQNLKSADVAIDFSTPDSVLKNIDACFDANVPIVVGTTGWYGKLQEVKDDCNNSNNTLLYGSNFSIGVNLFFKLNQTLAKLMNNYPAYEVQVEEIHHTQKLDAPSGTAITLAEGIVDNLDRKQEWLNEVVGTDVELFPKAEQLLIESHRIENIPGTHTVIYSSEVDEIEIKHTAHNRAGFALGAVVAAEWLKDKKGFFSITDIFE
A0A1X9Z7T5	RecName: Full=3-isopropylmalate dehydratase large subunit {ECO:0000256|HAMAP-Rule:MF_01026}; EC=4.2.1.33 {ECO:0000256|HAMAP-Rule:MF_01026}; AltName: Full=Alpha-IPM isomerase {ECO:0000256|HAMAP-Rule:MF_01026}; Short=IPMI {ECO:0000256|HAMAP-Rule:MF_01026}; AltName: Full=Isopropylmalate isomerase {ECO:0000256|HAMAP-Rule:MF_01026};	MSKTLVEKIWDAHVVKSEEGFPDILYIDTHLIHEVTSPQAFDGLRKRGLPVFRPKQTVATADHNVPTLNQLLPIKEELSRYQVDMLTKNCAEFGVELYGLGHPFQGIVHVIGPELGITLPGKTMVCGDSHTSTHGAFGAIAFGIGTSQVEQVFATQCLLQSKPKTMKIEVNGELGKGVGAKDIILYIIAKISAAGGTGYFIEYAGSAIEALSMEARMTICNMSIEMGARGGLIAPDQTTFDYIKGREFAPAGEEWDKALAYWKTLYSDADAKFDSVLTFDAADIAPMITYGTNPGMGMGIQEHIPATGAQPEKEKLSYQKALDYMGFDDDSSLIGKPVDYVFIGSCTNSRIEDLREVADFVKDKRKADNVTVWIVPGSKQVEQQAKNEGLDKIFEAAGFQLREPGCSACLGMNEDKIPAGKYCVSTSNRNFEGRQGQNARTLLASPLTAAAAAVTGKITDVRDLLDKVEG
A0A1X9Z8E1_9SPHI	SubName: Full=Acetylornithine deacetylase {ECO:0000313|EMBL:ARS41536.1};	MSLENIQKESLDLLRQLIRIQSFSKEEDRTANLIAQFLEERGIKTQRKMNNVWAYNKHFDATKPTLLLNSHHDTVKPNSGYTRDPYDAAIEGDKLFGLGSNDAGGCLVSLIGTFLYYYEQEGLKYNICLAATAEEEISGNNGLELVLPDLGELEFGIVGEPTEMNLAIAERGLLVLDCVSHGKAGHAAREEGENAIYKALKDIEWFRNYQFPKVSEVFGPLKMTVTIINAGSQHNVVPANCTFTVDVRVTDAYTNEEVLEIIRANVDCDVTPRSIRLKPSSIDKNHPVVQAGVALGKTTYGSPTTSDQALLDIPSVKCGPGFSGRSHMADEFLYVREVAEGVEGYVNMLRPVVIG
A0A1X9ZB07_9SPHI	SubName: Full=Anthranilate synthase component I {ECO:0000313|EMBL:ARS42349.1};	MMYKINTTYKKMLADTTTPVSIYLRLRDVYPNSILLESSDYHSRENSMSFVCADPVAGIILKGSRLETYFPDGAVEITESKNLIEEITDFKDKFSETELPEIKFISSGLFGYFTWNAVQHFEDIKFTSETPEGEEIPEMQYHLYRYIIAIDHFKNEITLFKNTFEGEEEGGLEKMEYLIQNKNYPEYKFQLRGEESSNLTDQGFMDLVEKLQKHIYRGDVFQIVPSRAFKQAFSGDEFNVYRCLRSINPSPYLFYFDYGNFKLFGSSPEAQITIKNNSANIFPIAGTFKRSGNDIEDAEQARKLEQDPKESAEHVMLVDLARNDLSRHCNRVEVKSFKEVQYYSHLIHLVSKVSGHLQENVSAFKVVADTYPAGTLSGAPKYKAMQLIDENEKLGRNFYAGAIGFMGFNEDFNHAIMIRTFMSKNNELHYRAGAGIVADSVPETEMQEVNNKIAALRKAVQMAEGI
A0A1X9ZBA8_9SPHI	RecName: Full=D-3-phosphoglycerate dehydrogenase {ECO:0000256|ARBA:ARBA00021582}; EC=1.1.1.399 {ECO:0000256|ARBA:ARBA00013001}; AltName: Full=2-oxoglutarate reductase {ECO:0000256|ARBA:ARBA00030455};	MPKQKAYYIIDFDSTFTQVEALDELARISLKNHPDKEAIFQKIEDYTNFAMEGKLSFSESLAQRVKLLEANEDHLKQLIKHLKKKVSTSFSRNAEFFKKHADEVLIVSGGFKEFITPVVSQYHIKKENIYANTFVTTGDGKIIDYDHANPLSEEGGKVKLLQHLKLEGELFGIGDGYSDFQLRESGIINKFFAFTENIARESIVSKADHVTPSFDEFLYVNDLPRAISYPKNRILCLVIGDVDPLTIAILKNDGLSIRHKTSFEDKYVKDVGIILLADGEKINKEQLKNAAKLKTIGYLGNAKNKIDLDLCTKQGIVVFDDPKNNPRNIDFIPKRVADFMNTGATYLSSNFPNLQLPKIEKSHRLIHIHKNVPGIMAKINTVFAKHDINIVSQFLMTNPEIGYAITDINAEYDKQLFKSLKKIEHTIKFRVLY
A0A1X9ZCD3	SubName: Full=3-phosphoglycerate dehydrogenase {ECO:0000313|EMBL:ARS42937.1};	MKILANDGIDPIGKELLEKAGFQVDTETVPQDQLAEALKNYDAITVRSATKVRKELIDAVPNIKLIGRGGVGMDNIDVEYARSQGINVVNTPAASSLSVAELVFSHLFTGIRFLQDANRKMPVEGSTQFNNLKKAYAKGTELSGKTIGIIGFGRIGRATAKVALGLGMNVLAYDLYPSESEITLEFQGGKSVSIPIKTVSLDEVITGSDFFSLHTPFADKPILGAEEFAKMKNGVGIVNCSRGGTIDELALIDALNSGKVSFAGLDVFDNEPTPLAEILTHPKISLTPHIGASTNEAQERIGTELATLIIEHFKK
A0A1X9ZDE4_9SPHI	SubName: Full=Aminodeoxychorismate/anthranilate synthase component II {ECO:0000313|EMBL:ARS43103.1};	MEDINKKTVLVIDNYDSFTYNLVHLINEVGYEAEVWRNDKFDLADVEKYDKILLSPGPGIPEEAGLLLDVIRTYAPTKSIFGVCLGQQAIAEVFGGTLLNLGRPMHGIATPVTVVDGDEPLFWECPQTINVGRYHSWVVSKDNFPSCLKITARDHKSEIMALRHETLDVRGVQFHPESVLTEYGKQMMENWLSSSTTV
A0A2I7KAZ8	RecName: Full=Aspartate--tRNA(Asp/Asn) ligase {ECO:0000256|HAMAP-Rule:MF_00044}; EC=6.1.1.23 {ECO:0000256|HAMAP-Rule:MF_00044}; AltName: Full=Aspartyl-tRNA synthetase {ECO:0000256|HAMAP-Rule:MF_00044}; Short=AspRS {ECO:0000256|HAMAP-Rule:MF_00044}; AltName: Full=Non-discriminating aspartyl-tRNA synthetase {ECO:0000256|HAMAP-Rule:MF_00044}; Short=ND-AspRS {ECO:0000256|HAMAP-Rule:MF_00044};	MHDYRSHTCAELNKSNVGETVRLSGWVHRVRDHGGLLFIDLRDHYGVTQVMADPDSPVFAEIEKVRSEWCIRIDGNVKARDESLVNDKIPTGEIEVFIRDIEVLGKSEELPLMVFGEQEYPEETRLRYRYLDLRREKMQKNMLLRSNMIQSIRRRMWDKGFNEYQTPIITASSPEGARDFLVPSRLHPGKFYALPQAPQQFKQLMMVSGFDKYFQIAPCFRDEDPRADRSPTDFYQLDLEMSFVTQQDVFDTIQPVMQGVFEEFGKGRKVDSEWPQISYKDAAKWYGTDKPDLRNPIKMQDCSEHFRGSGFAIFANLLENEGTEIRAIPAPKGGSRKFCDRMNKFAQGEGLPGMGYIFWRDQGEGMEAAGPLAKNIGPERTEAIRQQLGLGVGDAAFFLGGKPKTFESVAGRARIVIGEELGLTDKDRFAFCWIVDFPIYEKDEETGKIDFEHNPFSMPQGGMDALLSDPLAVKGYQYDLACNGYELVSGAIRNHKPEIMFKAFEIAGYGKEEVEKRFGGMVNAFQYGAPPHGGCAAGIDRMVMLLADEANIREVIMFPMNQRAEDLMMAAPSEPMSDQLMELGLRVIPQDQ
A0A2M8WD96	RecName: Full=Shikimate dehydrogenase (NADP(+)) {ECO:0000256|HAMAP-Rule:MF_00222}; Short=SDH {ECO:0000256|HAMAP-Rule:MF_00222}; EC=1.1.1.25 {ECO:0000256|HAMAP-Rule:MF_00222};	MTNAYAEVIGDPIAQSKSPVIHGFWLDKLGLSASYRKTHVTAEGLAGFFASRRDDPNWRGCNITAPHKIASLDHVPDPGGVRDTIGAINTVFRSAEGTLIGTNTDAAGFYAPLAEFDLEGAPVAMVGAGGAARAILFALARAGVGHVTILNRSPLKAMGLLATFGLKGDVVALNAPIPPVALLVNASSLGMTGQPPLELDLGNLPDDAVVYDAVYAPLETGLLAAARARDLDTVDGLEMLIGQAALAFELFFGNAPPREHDAELRALLTA
A0A2M8WFA5	SubName: Full=Methionine synthase {ECO:0000313|EMBL:RSU61740.1}; EC=2.1.1.13 {ECO:0000313|EMBL:RSU61740.1}; SubName: Full=Methionine synthase (B12-independent) {ECO:0000313|EMBL:PJI89611.1};	MNIVLPTSTAGSLPKPAWLAQPETLWSPWKLEGEELVAGKQDALRLAVEDQRQAGISIVGDGEQTRQHFVTTFIEHLSGVDFEKRETVRIRNRYDASVPTVVGAVSRPNPVFVDDAKFLRAQTDQSIKWTLPGPMTMIDTLYDAHYRSREKLAWEFARILNQEARELEAAGVDIIQFDEPAFNVFFDEANDWGIATLEKAAEGLTCETAVHICYGYGIKANTDWKKTLGSEWRQYEQTFPNLQKSKIDIVSLECHHSHVPMDLIELIRGKKVMVGAIDVASDTVETPEEVADTLRRALAFVDADKLYPSTNCGMAPLSRSVARGKLNALGAGAAIVRRELSA
A0A2M8WFB3	SubName: Full=DUF1852 domain-containing protein {ECO:0000313|EMBL:RSU61739.1}; SubName: Full=Uncharacterized protein DUF1852 {ECO:0000313|EMBL:PJI89610.1};	MSKSAFTFSIKSIAFDEDYRPADNTRITTNFANLARGESRQENLRNTLRMIDNRFNSLAHWDNPRGDRYSVELKIITAEMRIDSDGDGDVFPLIEILQTTIIDKKTGERIDGMVGNNFSSYVRDYDFSVVLPDYMKNHPNSGAPRDFGNLHGNLFKHFLNSSAYRDNFSKPPVICLSVSSSKTYHRTTNEHPVLGVEYRNDEFSATDEYFAKMGMKVRYFMPPNSVAPYAFYHIGDLLGDYTSLELVSTISVMETFQKIYRPEIYNANSAAAEHYQPSLKYQDYSLTRIVYDREERSRLAVEQGKFAEERFIKPYQAVLEQWSASFAA
A0A2R7PAQ8	RecName: Full=Histidinol-phosphate aminotransferase {ECO:0000256|HAMAP-Rule:MF_01023}; EC=2.6.1.9 {ECO:0000256|HAMAP-Rule:MF_01023}; AltName: Full=Imidazole acetol-phosphate transaminase {ECO:0000256|HAMAP-Rule:MF_01023};	MTTPASSPLQALARIRPDVRAMHSYVVQPSTGMLKMDAMENPFRLPAHLQAALGQRLGSVALNRYPGDRIADLKAALAQYAGMPEGYGIVLGNGSDELITLLALACAQPGTGQRATMLAPMPGFVMYPLSAQLQGLDFVGVPLTPDFELDEPAMLAAIGQHRPAITYIAYPNNPTATLWDEGAVQRIIDAAGAQGGIVVMDEAYQPFASRTWIDRMRAEPARNAHVLLMRTLSKFGLAGVRLGYLIGPSAFVSEIDKVRPPYNVSVLNCEAALFALEHAEVFAAQAAEIRVERATLIAALRQMPGVEKCWDSEANMVLIRVADSAKAYEGMKNRKVLVKNVSTMHPLLANCLRLTVGNAEDNAQMLAALQASL
A0A2T5J8K7	SubName: Full=O-acetylhomoserine (Thiol)-lyase {ECO:0000313|EMBL:PTQ95791.1};	MSNNKGFTTTILHSDRLLKPEHGALHQPVHNAVTWGFDDVQGLVDVFQNKSKGYAYSRQGNPTVTALEHKITQMEQGLATIAFSTGMAAITATIMALLKAGDHMIASSYLFGNTRSILQTLTDIGLSIDFVDATDVENVKAAYTNRTKMVLVETVANPATQVADLEKIGEFCKEKNVIYVVDNTMTSPYLFRPVSVNASLVINSLTKYIGGHANALGGSVTDTGLFDWDTYENIAPVLKGMIKPQMLGMAQIRKRGLRDGGGTLAPEAAHTLSVGSETLALRMERACTNAAAVATLLAHHPKVSKVYYPGLEQHPQHELAGRLFKRNGALLSFALTDDVDLFQFLNNLQLVIKSSNLGDTRTLAIPVAHTIFFELGADRRAEMGIPDSMIRLSVGIEDTEDLLNDFKTALDAQY
A0A374I5P9	RecName: Full=D-3-phosphoglycerate dehydrogenase {ECO:0000256|ARBA:ARBA00021582}; EC=1.1.1.399 {ECO:0000256|ARBA:ARBA00013001}; EC=1.1.1.95 {ECO:0000256|ARBA:ARBA00013143}; AltName: Full=2-oxoglutarate reductase {ECO:0000256|ARBA:ARBA00030455};	MFNYTCLNPIAGVGLDLFSDDYKKVDDLAGADAALVRSAAMHDLDLPDSLLAVARAGAGVNNIPLDKCADKGIVVFNTPGANANGVKELVFAGMLYASRDIVGGIDWCLANQNDDNIAKTAEKQKKNFAGTEISGKKLGVIGLGAIGVLVANAATHMGMEVYGYDPYISVNAAWNLSRSVKHISNVEDIYKECDYITIHVPLLDSTRKMIDANAIAMMKPTAIVLNFARDLLVDEEAMVDALAAGKIKKYVSDFPNTTTVGAKGCIVTPHLGASTAESEDNCAIMAVREIRDYMENGNITHSVNYPDCNMGACTTAGRVAILHKNVKGMIGQYTTVLGEADINVSDMTNKAKGDYAYALIDVDSQITDDVLKKLQAIDDVLRVRLVK
A0A3D8VK77	SubName: Full=Histidine phosphatase family protein {ECO:0000313|EMBL:RDY69752.1};	MRILLARHGETPWNAEGRYQGQEDIPLSDVGIGQARALGERLRDVQITRAVASPLGRARQTAEFALGDRDLPLTLDPGLMEIAHGTWEGLLATEIRERDPERLQAWRDTPHEVLMPEGESLQHVFDRAWPAFARAAEGLGPSDTLLVVAHDAVNRVLLCHVLGIPFAKLWTFRQAPTTINLLEGPDVDHLDVVRLNDCSHHTAFFGEAVHRAL
A0A3N7DTH5	RecName: Full=Tryptophan synthase alpha chain {ECO:0000256|HAMAP-Rule:MF_00131}; EC=4.2.1.20 {ECO:0000256|HAMAP-Rule:MF_00131};	MNRINKLFQEKKNILSIYYTAGYPNLGDTVAIAEELERSGADLLEIGFPYSDPVADGPVIQASSKTALDGGMTLKLLFEQLKDLRKTVNIPVLLMGYVNPMLQYGVENFCKSCAEVGVDGCIVPDLPMVEYEELYSGVFEANGLTNIFLVTPQTSTERIRKIDGLSNGFIYLLSSSATTGQNLQVSENTEAYFSRIAEMKLNNPTMIGFGISSKETFDKACQYANGAIIGSAFVKSLKSGKVTDSVKDFMKTFKP
A0A560BXT3	RecName: Full=Indole-3-glycerol phosphate synthase {ECO:0000256|HAMAP-Rule:MF_00134}; Short=IGPS {ECO:0000256|HAMAP-Rule:MF_00134}; EC=4.1.1.48 {ECO:0000256|HAMAP-Rule:MF_00134};	MSDVLTRICDDKRALVQARKSARPLSAVEDAARAADPARGFIRALRRTVDGGRYGLIAEIKKASPSKGLIRPDFDPPSLARAYREGGATCLSVLTDEPYFQGCDDYLLAARAAVDLPVLRKDFMVDPYQIAESRALGADCILIIMAALSDAQAAEIEGAAIAWGLDVLVEVHNREELDRALALKTPLLGVNNRNLKTLAVDIATTEELAAHVPADRMLVAESGLYSPADLSRMAAVGARCFLVGESLMRQEDVTAATRALLA
A0A6B4WGC7	SubName: Full=DUF1015 domain-containing protein {ECO:0000313|EMBL:MBD5586605.1};	MTILKSFRAIRPNKGFECKIAALPYDVVNTDEAREIGGKNPYSFLHIDRAEIDLNKDINPYDLKVYDKARENLNNMINKELFIKEEKPMLYIYSLNMNGNVQTGIVGCLSIDDYMNNVIKKHEHTREEKELDRIKHVDTCSAHTGPIFLTYKHEEKLNTIIENCTKNKALYDFVAEDGVRHTVWQIDDENTIEEICHIFKAIPSVYIADGHHRAASAVKVGLKRREENENYTGKEEFNYFLGVLFPHKELKIMDYNRVVKDTLGYTEEEFINKIEEKFIVKPYNPKLENKKTIKNCEAEHKLQSEQLEKAEELQYRPKEKYNFGMYYKKKWYELKAKPNTFNVEDEVESLDAAILQNNLLQPILKIQDPRKDNRIDFVGGIRGLKILEELVDKTENGVAFSMYPTAIEEIIKIADNNKVMPPKSTWFEPKLRSGLFIHEI
A0A6I3SQJ4	SubName: Full=Methionine synthase {ECO:0000313|EMBL:MTV50682.1};	MPVYRFPLTHIDAAEARRYAGLAKAGEAFPEEMITSACREGLLYAEGRAAWHSYSYDRNTATILANPVLSLEGRDIQNHLHEAEEVVLLAATIGPAIEQATEKCFADGHYTKGLLLDAVGTTAVEMVADKANRMIEEEAARRGYRATWRYSPGYGDWDVSVQKALLPLAGPSGLDISVTEGCMLQPQKSITAVIGLIPRHGNPESTDDTEPSEGNLKAANTESVSTDKEKDAHDIKGDKLICRKGCAACPKTDCIARKL
A0A7J3AYJ4	SubName: Full=Uncharacterized protein {ECO:0000313|EMBL:HGD33185.1};	MVRMERVLSVRAFGGLDQLLRVVNALRRGRAEVRGFEVRFIGKEIVALIRVDGGSEEIKWVAKKIYSLPEVKSVDLIENELLENPILG
A0A806JQF3	RecName: Full=Acetylornithine aminotransferase {ECO:0000256|HAMAP-Rule:MF_01107}; Short=ACOAT {ECO:0000256|HAMAP-Rule:MF_01107}; EC=2.6.1.11 {ECO:0000256|HAMAP-Rule:MF_01107};	MTGASTTTATMRQRWQAVMMNNYGTPPIALASGDGAVVTDVDGRTYIDLLGGIAVNVLGHRHPAVIEAVTRQMSTLGHTSNLYATEPGIALAEELVALLGADQRTRVFFCNSGAEANEAAFKLSRLTGRTKLVAAHDAFHGRTMGSLALTGQPAKQTPFAPLPGDVTHVGYGDVDALAAAVDDHTAAVFLEPIMGESGVVVPPAGYLAAARDITARRGALLVLDEVQTGMGRTGAFFAHQHDGITPDVVTLAKGLGGGLPIGACLAVGPAAELLTPGLHGSTFGGNPVCAAAALAVLRVLASDGLVRRAEVLGKSLRHGIEALGHPLIDHVRGRGLLLGIALTAPHAKDAEATARDAGYLVNAAAPDVIRLAPPLIIAEAQLDGFVAALPAILDRAVGAP
A0A843E9R6	SubName: Full=Alanine--glyoxylate aminotransferase family protein {ECO:0000313|EMBL:MBO5653953.1};	MARHLFTVGPVYVEDETLQAQTKPMITHRCKEYKNLHGGIVEKIRKCLQTDDDVFLVGGSATILLEGAIRNGINSNSLGMSNGSFGKRFIECGTANGKNVTQVHVPWGKAIKPEDIEGKVTNDIEAVHWVSNESSTGVLSDSVALAEEVRRQNPDALIMVDAVTSAMAADLNLPKLQPDALVFGTQKALALPPGLAIAVVSERMLEKSKNVANKGFYTDFVKLKKNADDNYALTTPPVSLLYALDYQLDKILEEGMSARYRRHDEMAKLVQDWAEAKFNGLFPEEGYRSRTIGVVNRGELDFDAFHTALKAKGYEISNGYGEVKSSTFRIGHMGDTTPDMIKKLLSAMDEVLEEMQ
A0A975E8Y9	RecName: Full=Histidinol-phosphate aminotransferase {ECO:0000256|HAMAP-Rule:MF_01023}; EC=2.6.1.9 {ECO:0000256|HAMAP-Rule:MF_01023}; AltName: Full=Imidazole acetol-phosphate transaminase {ECO:0000256|HAMAP-Rule:MF_01023};	MTAQAAPDMDALIQRRIRQDVLSMHAYAIQDSVGMVKLDAMENPHRLPAALQEALGKRLGALALNRYPDGRVNDLRRALAAYAQMPEGFDIMLGNGSDELISLLAMACDVPTDPVTGKRPVILAPLPGFVMYAMSAALQGLDFVGVPLTADFELDEAAMLAAIAQHQPAIVYLAYPNNPTANLWNAESMARVIAATGAVGGLVVLDEAYQPFSSRTYLDTIRSNPAAHAHVLLMRTMSKFGLAGVRIGYMVGPKPLIAQVDKVRPPYNISVLNYECALFALEHADVFAGQAADLRAQRTRLLTALRAMPAVKAWDSDANMILVRMADAQKTFDGLKARGVLVKNVSKMHPLLAQCLRLTVGTADENTRLLAALLESL
A0A9Q5JK70	SubName: Full=Alanine racemase {ECO:0000313|EMBL:OFQ71504.1};	MTAIWSLDTEAFYQNAVKVKNNEPIMAVVKNNAYHYGLEFAVKTFLKAEINTFSTTSLNEAIRVRKIAPEATIFLMNPVYDFDLVKRYDIHMTLPSLNYYYKYKQDLKGIHVHLEYENLLHRSGFRNIEEIREVLKDHDQNNQDKMIISGIWTHFGYADEFDVDEYKMERDAWLNLINTLLNENYHFDMIHSQNSASYFRENQMLLPHHTHARVGIALYGSRPYSLINEERITQSLTVKGNVIQVRDVNKGDYCGYSFAFEVKNDHTQLAVVDIGYGDGILKSRAKHEAIINGKRYPIRALMMSHMFIEVDDEVHAQDEVILYNKDIRIDEFTFKGVGANSEQLSAMNHDSLMKEYL
A5I0W7	SubName: Full=Serine--glyoxylate aminotransferase {ECO:0000313|EMBL:CAL82678.1}; EC=2.6.1.45 {ECO:0000313|EMBL:CAL82678.1};	MHKRLFIPGPVEVERDVLEKMSAAMIGHRSKEASVLQKDISDKLRKVFNTKEEILLSTSSGSGLMEGAIRCTTVKRAAVFAIGAFGKRWYDMAVANNVPADLYEVPWGEAIKPELVEEVLATGKYDSIFITHNETSTGIMNPVEEISKVIRKYPEVIWSLDCVSSMAGTKIDVDKLGIDVCITSTQKALALPPGMAICSFSQRAVERAEKVTNRGYYLDLLSLYKYIQKKNYQYPSTPSLSHMFAMDYRLDKILEEGLEERYERHIEMAEYVRDWARKYFKIYGDEKYLSNTLTNIENTRNIDIKKLNEELGKRGFQISNGYGKLKDKGFRIAHMGQCTLKDIKELLENINNILDLK
A5N4G9	SubName: Full=GlnA {ECO:0000313|EMBL:EDK32200.1}; EC=6.3.1.2 {ECO:0000313|EMBL:EDK32200.1};	MLKDLIYVIPKTMQSEDSLKELLTSHPEIKFVSLVGIDLSGNDTDEKIPIKIFLKDISGFLKGSIQTDGSSVVLPGIATLNNAKVDMVCDCDVNWYIDYNTNNIDPETDKPVGTLRIPCFFYHEHKAVDSRYVLKNCIQHFKTNLLNLFKEYPNSLSSFGLKYEDIDDVVATCATELEFWVNTPNNPAEIEELSTSQTLQEQYWTRTKGAVRTALEQTLSTMELYGLEPEMGHKEVGGIKSNIDDKGRFNHIMEQLEIDWKYSTAVQSVDNELLVKSIVKETFRNNGLEVTFLAKPIDGVAGSGEHTHIGMALKLKSGKMINLFSSTKNHFLSIFGYASVMGILKNYEVINPFVSSTTDSLRRLKPGFEAPVCIVTSIGHTVEIPSRNRTVLIGVVRDLENPLGTRFELRAPNPRTNTYLAVTGLYMAMLDGITYAITGSKTEDDLLAELSKKPGEDASYLEKDRAYRSEEDVFEDFTDEERAKFFGTAPATVYENLTAIDKYPEKKAVLTKDDVLNDKLINSFKLGAIKRWLVELNHRILNEYIDEIRGYKLLHSVDKALDLDVATWMKIDALKCYLMKDSYSNKSLFSKIRIASEEKNYEEVSNLQIEVEEKMSELRELYSIYKKNLLDI
A6UQ02	SubName: Full=4Fe-4S ferredoxin iron-sulfur binding domain protein {ECO:0000313|EMBL:ABR54574.1};	MKKRVFYWISGNNVREPVVSLVVLETGAMVNILKAKMEPREGFLILEVTGSELQVDSAITILKKYGEAEDIPKIIQKDDNLCIDCGSCVVHCPVGALSVDSDYKILLDEDECIGCKNCAKVCPVNAIKVFEI
A9A1L3	RecName: Full=Putative [LysW]-lysine/[LysW]-ornithine hydrolase {ECO:0000256|HAMAP-Rule:MF_01120}; EC=3.5.1.130 {ECO:0000256|HAMAP-Rule:MF_01120}; EC=3.5.1.132 {ECO:0000256|HAMAP-Rule:MF_01120};	MDTHFTVTPRFATKMLEKALRLYTPSLSEKPMAEFLADKCDDLGFEDIQIDEVGNVIAKKGSGTPKIMLCGHMDVVPGKVKVRKEGDSLYGRGASDAKAPLMAMLFAAASIQNNNGTIIFVGAVDEEGNATGIKNLVKKEMGVDYAVFGEPSGIKQVTIAYKGRLAINLKVTVEDSSHASAPWLSKNAILESMIFARELKEKLEENQEDRTKGMLLTATMTEVKGGTSHNVTPKECETTFDIRIPVDMNCKSVEQKIANLVKEISKKREVEAFYSILDETEPFEAAHNSPLVRAFTLGVMDVEHTRPKLIRKTGTGDMNVLGTQWSIPVVTYGPGDPHEAHTIDEKVSIDEYLRGIEILKKMLQHLKRLHDRKMQ
A9A228	SubName: Full=Prephenate dehydrogenase {ECO:0000313|EMBL:ABX12441.1};	MKKVTVIGAGGQMGQWFAKYFADKGFEVTGFDSENKIPGKGIIQAESLVGAILKADYVVLCTPTRRTPEIIRLIAKEMKRGTYLIEISSEKSKVVSALSKMPAKINPICIHPMFGPGVKTIKGQNIISVPIKDAKKELTVTKSLFEGANFVTIDAVEHDKKIAVILGLTHLMNLVFANIVSKDEKMLLTEKMSGTTFRVQKTLAESIMTESPELIETIIANPEIRRVAEELWKDIGRLLTDVQESKTEEVVNYIKDCQERLAKHTDINESYKKLTKMVKAVEK
A9A5X4	SubName: Full=Haloacid dehalogenase domain protein hydrolase {ECO:0000313|EMBL:ABX13452.1};	MDSQKFDSIIFDCDGVLVDITQSYDKTIDKTCRYVLKEFAKIDSITIDHKIIDGFKSSGGFNDEVDLVYAAILSLYTANKLNKKPSEFIYDVISNTDKTGIRSVQSYLESIYDVSEFLSKLGSLGDRHNNPVYSIFDQFFFGPELYGKLFDKQSKFSEEGMISNDKVILSVSLLETLQKEFGKKIAVVTGRGIESIRYSLKDMMDYFDTKNSAFLEDEPRELAKPNPATLIRAIQSMESKNCLYVGDSMEDYMMAKDAAQAGHSTTFCAIVGTSTNPEDRRKLFADSGVEMILESINDIPKVLNLV
A9VLI0_BACMK	RecName: Full=Histidinol-phosphatase {ECO:0000256|ARBA:ARBA00013085, ECO:0000256|RuleBase:RU366003}; Short=HolPase {ECO:0000256|RuleBase:RU366003}; EC=3.1.3.15 {ECO:0000256|ARBA:ARBA00013085, ECO:0000256|RuleBase:RU366003};	MKVDYHIHLEEGPYSIGWLAKINDALQYFEPLKEEKHSMEWLMKTQERLQRRVKEGPFTAKWIDLYLEEAVRKGIKEVGIVDHLYRFHEAKGYYEKYVDISDSRLGRLQKEWLDQVRVTSIYDFTKAIEEAKERWSKRGITLKLGIEADYFIGGEQELKGLLALGDFDYVIGSVHFIDGWGFDNPDTKEYFGTHELHTLYHTFFATVESAVRSELFDIIAHLDNIKVFNYRLDENEQLSYYKEIARALVETNTATEINAGLYYRYPVREMCPSPLYLQVLAKHGVPITLSSDAHYPNDLGKYVEENIKTLRNHDISHIATFTKRVRTMRLLEEEVIISK
AROK_BACSU	RecName: Full=Shikimate kinase {ECO:0000255|HAMAP-Rule:MF_00109}; Short=SK {ECO:0000255|HAMAP-Rule:MF_00109}; EC=2.7.1.71 {ECO:0000255|HAMAP-Rule:MF_00109};	MNAKRAIPVRERNIVLIGFMGVGKTTIGQLVAKKLYRDFIDIDQQIEKDFNMSIPEIFEKKGEDFFRKTEKEYILDICHHKRFKIVSLGGGSFKQEEIRNCCLENCLVLHLDLSWENWKQRADLLIESRPVLHNRSMDEMEQLFNERKVIYDKHNSKVATDNLSPEEVADYIVETLKIGWDLYQPM
AROK_BACTN	RecName: Full=Shikimate kinase {ECO:0000255|HAMAP-Rule:MF_00109}; Short=SK {ECO:0000255|HAMAP-Rule:MF_00109}; EC=2.7.1.71 {ECO:0000255|HAMAP-Rule:MF_00109};	MVRIFLTGYMGAGKTTLGKAFARKLNVPFIDLDWYIEERFHKTVGELFTERGEAGFRELERNMLHEVAEFENVVISTGGGAPCFYDNMEFMNRTGKTVFLNVHPDVLFRRLRIAKQQRPILQGKEDDELMDFIIQALEKRAPFYTQAQYIFNADELEDRWQIESSVQRLQELLEL
AROK_CAUVN	RecName: Full=Shikimate kinase {ECO:0000255|HAMAP-Rule:MF_00109}; Short=SK {ECO:0000255|HAMAP-Rule:MF_00109}; EC=2.7.1.71 {ECO:0000255|HAMAP-Rule:MF_00109};	MTETDQTPDTAPEAAPEVAPIVSDDLAPLRAKTIVLVGLMGVGKSSVGRRLANVLGLPFRDADNEVEAAAGRSISEIFAELGEPAFRDGERRVIARLLDEPPHVLATGGGAFVNAETRALINEKAVSVWLKADVELLARRVSRKDNRPLVRGKDPVKVLTELAEARYPAYAEAQVHVETGDTPHMVAVEAILTALRQAHA
AROK_DESVH	RecName: Full=Shikimate kinase {ECO:0000255|HAMAP-Rule:MF_00109}; Short=SK {ECO:0000255|HAMAP-Rule:MF_00109}; EC=2.7.1.71 {ECO:0000255|HAMAP-Rule:MF_00109};	MGSEVCRVFLIGGRASGKSTVGRALAARLGWDFADTDAMVTRRAGCDIATLVAERGWDAFRDMESDALRDAAARERVVVATGGGMVLRAENRALLREAGVTVFLSLPVEVVAARLARNPEHGQRPSLTGKAVADEVADVMRERAPLYAEAARHVVRGDAPVACIVEDITALLAFS
AROK_RHIME	RecName: Full=Shikimate kinase {ECO:0000255|HAMAP-Rule:MF_00109}; Short=SK {ECO:0000255|HAMAP-Rule:MF_00109}; EC=2.7.1.71 {ECO:0000255|HAMAP-Rule:MF_00109};	MNDVTEPVSATLAERAKRTLGKRNLVFIGLMGAGKSAIGRLTAQALGVPFVDSDHEIERVSRMTVSDLFATYGEEEFRALEARVLKRLLRSGPRVVSTGGGAYINERSRRHIKKGGLTIWLNAELDVLWERVNKRDTRPLLKTENPKQTLENLMRARYPIYAEADLTVLSRDVKKEAMVEEVLAAVADHQKA
B2SZ63	RecName: Full=Imidazoleglycerol-phosphate dehydratase {ECO:0000255|HAMAP-Rule:MF_00076}; Short=IGPD {ECO:0000255|HAMAP-Rule:MF_00076}; EC=4.2.1.19 {ECO:0000255|HAMAP-Rule:MF_00076};	MRLAEVVRNTSETQIRVKINLDGTGQQKLATGVPFLDHMLDQIARHGLFDLEIEAHGDLHIDDHHTVEDTGITLGQAVAKAIGDRKGIVRYGHSYVPLDEALSRVVIDFSGRPGLEFHVPFTRARIGTFDVDLSIEFFRGFVNHAGVTLHIDNLRGLNAHHQMETVFKAFGRALRMATELDERAAGQIPSTKGSL
B8DIT5_DESVM	RecName: Full=serine O-acetyltransferase {ECO:0000256|ARBA:ARBA00013266}; EC=2.3.1.30 {ECO:0000256|ARBA:ARBA00013266};	MKKLDDLDARSLQGMPELERIVDEMCAPESYEAVYHRSLHDAPMPSLEALAEMVSRLRAALLPGFFGAATVHMESMRYHLAANLDSIYRILSEQIRRGACFTCADFARECGSCELHSRDKAIQFLQRLPEIRRMLASDVKAAYEGDPAAKSPGETVFCYPSIAAMINHRIAHELYRMEVPLIPRIISEMAHSRTGIDIHPGARIDEEFFIDHGTGVVIGETCIIGRGCRIYQGVTLGALSFPKDGDGVLIKGNPRHPILEDNVTVYAGATILGRVTIGAGSMIGGNVWVTHDVPPGSKIVQQRSAKPKPDEELVGRK
B8DKK4_DESVM	RecName: Full=Methionine synthase {ECO:0000256|ARBA:ARBA00013998}; EC=2.1.1.13 {ECO:0000256|ARBA:ARBA00012032}; AltName: Full=5-methyltetrahydrofolate--homocysteine methyltransferase {ECO:0000256|ARBA:ARBA00031040};	MPDFRQALRSGRRLVFDGGMGTMLQSRGLPPGVSPELFCLARPDVLVGIHADYLRAGADVLTTNTFGGCIHKLGTGPGAPDVVEFNRAMARAAREAVLASGREAFVAGSVGPSGHFMRPLGDLDPAELVAAFRAQIRGLVQGGVDLILAETQFDLAEARAIVLAARAECDLPVGVSMTFENGVSLTGTRPEVFVQSMLNMGVDLVGTNCSAGPEQMAEVADELLAISEVPVLVEPNAGLPELVDGKTVFRLGPDDFARHTARFAASGVRMLGGCCGTTPDHIAALRGALDNLSGGLVPDPARRDGIVLTTRAQAVHIGAGSPIRIIGERINPTGKKLLTAELQAGEFAQALRFADEQVEAGAPLLDVNVGAPMVDEAVLLPALVERLVARHSLPLSLDSSNADAIAAALPFHPGSPLVNSISGEPGRMEHLGPLCRDHGAPFILLPLKGRKLPVTAAERIAIIEELLQQADSLRIPRRLVMVDVLALAVSSKAEAARHCLDTIRWCAAQGLPTTIGLSNISFGLPARELLNSTFLAMAAGAGLSSCIAHPGNARIREAVAASSVLLGLDANAESFIEGYSGWTPGGDATGATPAGVAGGTGGGTGGVKAKAATLEEAVIRGDREGALALVERALSEGADPFSLVQEKLIPGITEVGRRYERREYFLPQLIRSAETMQHAFRKLQPLLEAQRGHEARPVIIMATVEGDIHDIGKNIVTLMLGNHGFDVVDLGKDVKAADIVEAAERHGARVIGLSALMTTTMVRMEDTVRLVRERGLPVKVMVGGAVVTPAYAEAIGADGYSADAVEAVRVAKELLTVQ
B8DM44_DESVM	RecName: Full=indole-3-glycerol-phosphate synthase {ECO:0000256|ARBA:ARBA00012362}; EC=4.1.1.48 {ECO:0000256|ARBA:ARBA00012362};	MLDRFRIAKQPELDRLRKLAEAGGMPAPLASGTGGGTPRPDFLRALRDRTGYPDAPVAVIAEYKRASPSRGVIETGVSPEDAATAYATAGATAISVLTEEQYFGGDLTYLGRMAGVNPDVPLLRKDFIMDSLQVAATAATPAAALLLIVRLTPDAHTLRDLREQAETHGMHAVVEIFDEADLALARESGARIIQVNNRDLETLAVDRTACLRLGPLRAPGEVWIAASGISENRHLAEAAAAGYDAALVGTALMDGGDLKGSLMRLLGREGTPSFRPPASSGCAACSGHVRSEYAPCASGSPSLPENENPVVPDCSETEGAQ
B8DM46_DESVM	SubName: Full=Glutamine amidotransferase of anthranilate synthase {ECO:0000313|EMBL:ACL08690.1};	MFLLIDNYDSFTFNLVQAFYGLGLHPVVVRNDDPAVPAMAEDPALEMVCISPGPSHPRNAGFCLDFLSRLPHRVPVLGVCLGHQVLGLFAGATVDVGPRIMHGKTSDITHDGQGLFHGVPSPMQVGRYHSLIVHAEERPDLLAVTARAPEGEVMALRYTDRPWVGVQFHPESVLTPDGVRMLANFPAHVAGR
B8DM47_DESVM	SubName: Full=Anthranilate synthase {ECO:0000313|EMBL:ACL08691.1}; EC=4.1.3.27 {ECO:0000313|EMBL:ACL08691.1};	MEMPEMPAQAEAPETAKAPQAPETAQAPANGNGCPCATTGSGDDIPALPEGGEIVLRQTGRWLEADVDTPISVFLGMVGSGQGILLESAEVDGRWGRFSVIAFNFLLRLGCRDGKLEVAVRDPRLAPLRRFDGMGFIEGTRAVMRALRIEPDAAFADQPPITRALYGYFGYGVSGLFEPKLAKVLPTSSAEACLALPGTVVLFDHLYNRLCQLSLTDLPGGRVDRSQVDRTPEPPEVGPVVNVPEQAVYTRAVARVKDMIRQGEAIQVVLSTRFQASFSGDPFTLYRRLRRINPSPYMFFMRLPGVSLLGSSPEVMVRCRADKLQVSPIAGTRPRGTDDAHDAALARELLEDPKERAEHVMLVDLGRNDLGRIAAPGTVQVERFMDVEKFSHVMHLTSRVTAQIEPGRDALDVLAATFPAGTVSGAPKVRAMEIISEAEGLARGPYAGAIGWLGLDRDSVNLDTGITIRSLWVRDGQVHWQAGAGIVFDSVPEMEWKECNNKAAVIRAAVTGGEYVPVNR
B8DMM5_DESVM	RecName: Full=Aspartate--tRNA(Asp/Asn) ligase {ECO:0000256|HAMAP-Rule:MF_00044}; EC=6.1.1.23 {ECO:0000256|HAMAP-Rule:MF_00044}; AltName: Full=Aspartyl-tRNA synthetase {ECO:0000256|HAMAP-Rule:MF_00044}; Short=AspRS {ECO:0000256|HAMAP-Rule:MF_00044}; AltName: Full=Non-discriminating aspartyl-tRNA synthetase {ECO:0000256|HAMAP-Rule:MF_00044}; Short=ND-AspRS {ECO:0000256|HAMAP-Rule:MF_00044};	MSDQKLDVQQEHQQYIEPLGDWVRSHDCATLTAADTGAEVCLMGWVQYRRDHGGLIFVDLRDRQGLTQIVFSPDVNPAAHERAHIIRSEYVLAIRGTVRPRPEGMTNPGMKTGEIEVYVSEWKLLNTSKTPAFVIEDRTEASENLRLQYRYLDLRRPRMANNFIVRHKAAQATRRYLDELGFLEIETPYLTKSTPEGARDFLVPSRLNQGQFYALPQSPQLFKQLLMMSGMERYYQIVRCFRDEDMRADRQLEFTQIDIEMSFVDEEQVMAMAEGLMARVFRDALDREIATPFPRMSYDDAMARYGVDKPDTRFGLELQDVTHIVRGSNFKLFATAELVKAMRVPGGETMTRKEIDEFTEFVKIYGAQGLAWIKIRPDEWQSPIAKFLSDEERAGLKDALGLETGDIVFFQAGAPGMVNAALGNLRVRLGEHLGLIDENAFNFLWVTDFPLFEYDEEEKRYVACHHPFTSPKDGHMDVMVENPAAARARAYDMVLNGYELGGGSIRNHTAEKQRRMFAALGFSPEEAEAQFGFLTQALEMGAPPHGGIAFGMDRLAMLLTGSSSIRDVIAFPKTQKATCLLTQAPDSVSARQLRDLGLRLRETGKDGAPNAPQG
B8DRS3_DESVM	RecName: Full=Homoserine dehydrogenase {ECO:0000256|ARBA:ARBA00013213, ECO:0000256|RuleBase:RU000579}; EC=1.1.1.3 {ECO:0000256|ARBA:ARBA00013213, ECO:0000256|RuleBase:RU000579};	MGSDSDKPGGKRLVIGMAGFGTVGSGLARVLDENRQWITERTGREMVIKTILVRDLAKPRAWPVPQGATLTADPAVLTDDPEIDVLVELMGGIAAPHAIIKRALEAGKHVVTANKALLAEDGYDLYRLAEQKNVGLHHEASVAGGIPIVQTLKESLAGNRIGSLVGILNGTANYILSEMTSNGLDFATALAQAQELGYAEADPTLDIEGHDTAHKLVLLIRLAYGMDYPYAELPVQGIAGIDRMDIEFARELGFRIKLLAQVREVDGKLEAGVFPTLVKHTFLIARVGGAYNAIRLEGNAVGPVFLHGLGAGSLPTASAVLADLMTVARGAAPHNTGFQRQVPPRADILPPADAESSYYVRAMVPDNPGVLRDLAGAMADHSISIAQAIQKGQHPQGVPLVFMTHAAKASAIQGAIAQVQAAGLLLAPPVCYRVLQ
B9E9Z0_MACCJ	RecName: Full=Histidinol-phosphatase {ECO:0000256|ARBA:ARBA00013085, ECO:0000256|RuleBase:RU366003}; Short=HolPase {ECO:0000256|RuleBase:RU366003}; EC=3.1.3.15 {ECO:0000256|ARBA:ARBA00013085, ECO:0000256|RuleBase:RU366003};	MKVDFHIHLEEGPYTNNFFNKTITSIDTVKGIQATHTLDDIERKAQLFNERMEKGDYSEWWLDLYLEMSLQKGLKQVGIVDHLYRFQETRNYFLKYMDVSDTDLGCRQREWLNQVMTHKMDDFVTFINSQKEKWDKAGVELKLGIEADYFIGGEEELKSLLAPYEFDYIIGSVHFNHGWGFDNPELENKFNEYDLVKLYTDHFNTVIKAAESGIFSFIAHLDNLKVFNYRPEEALLIPLYEQVAEALAKNDVATEVNVGLKYRYPVKEQCPSERFIKVLSEYDVKFTTSSDSHFPHDIGIYNDEIRNLLKRNGVKSIVTFSKMKREEKDIKSIIH
C0ZH63_BREBN	RecName: Full=Histidinol-phosphatase {ECO:0000256|ARBA:ARBA00013085, ECO:0000256|RuleBase:RU366003}; Short=HolPase {ECO:0000256|RuleBase:RU366003}; EC=3.1.3.15 {ECO:0000256|ARBA:ARBA00013085, ECO:0000256|RuleBase:RU366003};	MLIDYHLHLEEGPFSLRWLDRTNMALDHFYPLTEPRHTRAWLLDSLARLNNRMSLGAYDPSWIDLYLREALNKGLKEVGIVDHLYRFREARPYFERYMELGDTELGRLQRTWLNQVCTESLSDFCVAIEEAKQRWSASGVELRLGLEADYFIGGEAELESLLAGASWDYVIGSVHFLQGWGFDNPETRHLFEQHDLKQLYTDFFHTVESMIRSNLFDFVAHLDNLKVFSYRPEESELVPYYHRIATALKETDTATEINAGLYYRYPVQEMCPSPAFLDVLVAHGVPLTLSSDAHFPDDIGRYVAVNLEILDSMGVTEIATFFGRQRIMRPICYA
D4GRX2	SubName: Full=HAD superfamily hydrolase {ECO:0000313|EMBL:ADE03629.1};	MHADAVVLDIDGVLVDVADSYRRAIVESVDRHYGTTISRDEVQLFKDAGGFNNDWELTYAAALSVLAAREADLSVAAFTGEIEARGGGLDAAKATVEALLSEPSVVFDEWDPEALRETFQALYLGSDLYRDLEDGDPPFEAPGYIHDEPVLLRPETLDALGDRELGVVTGRPAAEADIALDRVALDVADDHRFTMDDWEEGKPHPAALVTVAERLGADSVVFVGDTLDDVKTALNADAADPERVYYGVGVLSGGLTGDDGRQKFSEIGAAAVVEDVNEVPDLLD
D4GRZ0	SubName: Full=Prephenate dehydratase {ECO:0000313|EMBL:ADE02290.1}; EC=4.2.1.51 {ECO:0000313|EMBL:ADE02290.1};	MQAVTLGPAGTYSHRAARAVADDVAFRESVTSIVQAVADGSFERGVVPIENSIEGSVTESLDAVANSDVSVVQEIVTPIRHALLAQSANFDVVASHSQALAQCRTYLEENYPDAKLEAVASTARGVERARADPTVAGIGHPDNVGDDLEIIAEDIQDQSSNATRFLVIGPESARSDAGGKSSLVVYPNANYPGLLLELLEAFAERDINLSRIESRPSGNRLGDYLFHIDADAGLYEERMQGALEEVEGIASNGWVRVLGSYDTRHVLY
D4GSQ2	SubName: Full=2-isopropylmalate synthase / (R)-citramalate synthase {ECO:0000313|EMBL:ADE04954.1}; EC=2.3.1.182 {ECO:0000313|EMBL:ADE04954.1}; EC=2.3.3.13 {ECO:0000313|EMBL:ADE04954.1};	MNERFGKTPELRTSDSVQLLDTTLRDGEQAPGVSLTPTQKADIARALDRAEVDYIEAGSACTGPGERETIKRVTSLGLDATVTSFARGVKNDVDLALDCDVDGVTLVVPASDRHVESKVGTTREDVVETTDELVAYAKDHGLWVEVIGEDGSRAAPEFLESLARASHDAGADRFCFADTVGHTSPEHTYEVVSRLSELGPTSTHTHDDLGLAMANVHASLAAGADLVHTTVNGIGERAGNVALEEVAIALDHCYDVESVKLDELYALAQKVAQATGVSLPPNKAVVGQNAFTHESGIHTDGTLKDDAMYEPYPPETVGRERRLVLGKHAGRAGVKAALDEHGVDATDEEVAAVVERVKELGDRGKRVTDADLLAFAEDVQGRERARQVELLDLTAASGGGTPTASVRLRVEGEERVASGTGSGPVDAAVKAVREALGPDADAQLDEYHVDAITGGTDAVVTVEVTMSLGDRSVSVAASHADITRASVQAMVDALDRLLAPNHTSPTPASADD
D4GW90	RecName: Full=Methionine synthase {ECO:0000256|HAMAP-Rule:MF_00288}; EC=2.1.1.- {ECO:0000256|HAMAP-Rule:MF_00288}; AltName: Full=Homocysteine methyltransferase {ECO:0000256|HAMAP-Rule:MF_00288};	MSRDAENREQFRPEAHDTEHFLLTTVVGSYPKPKWLNRANDLAEDPDSKFTQEHLHEAHDDACRVITNEHERSGLDTVVDGEMRREEMVEYFAHRIPGYEFNGPVKVWGHNYFDKPSVVGEVEYDEPWLVDEFEFTSDVASKPVKVPITGPYTLASWSFNEHYDSEADLAYALADLVNEEIEQLVEAGATYIQIDEPALATTPDDHAIVGECLERIVAGVPDEVRIGLHVCYGDYSRIYPELNDYPIDEFDVELCNGGYEQIDVFTDPEFEPDLALGVVDVHTAEVETVEEIKENIKQGLKVVPPEKLTVSPDCGVKLLPREVAYQKMENMVKAAREVEAELDAGEIDLDAPVPQAD
D4GW95	SubName: Full=5-methyltetrahydropteroyltriglutamate--homocysteine S-methyltransferase (Methionine synthase II) {ECO:0000313|EMBL:ADE02584.1}; EC=2.1.1.14 {ECO:0000313|EMBL:ADE02584.1};	MTELVSTTPGLYPLPDWAKQELSDLKGHQKHDLISGNEGGDIVGAYDRAREEVVSEQTDAGLDRVVEGQLRWDDMLAHPLTVHENVETGGIVRYYDNNNFYRDPQVSGELTFSGDVAAELDATADLLGGDESLQAVLPGPYSLSDLATDEHYGDEAEFLDAVSEFLAGEVDAFPDHETLFLLEPSLVFSPPGEDVDERVPGAISAVSDATDADVVVHTYWGALDEKVYAHLMDADVDAIGFDFVAGDRDQTLYNVNEYGTKDDIALGLVDGQNTLVEDPETIRERVEWTLDNVQSQTFDTAYVTSNTELFYLPENRATEKLAALAAATEDELEVEA
D4GXG3	SubName: Full=Prephenate dehydrogenase {ECO:0000313|EMBL:ADE03239.1}; EC=1.3.1.12 {ECO:0000313|EMBL:ADE03239.1};	MDVLIVGAGAMGRWFGRTVDADLAFADADPESAVAAADALGGRAVPLDGDERFDVVCLAVPMRLAADAVADNAHRADAAMCDVTGAMKPPVVAMRNHLPDRERLSLHPLFAPHNAPGNVAAVADESGPKTDTLLADLDAAGNRVFETTPEEHDAAMETVQAAAHAAVLAFGVAADDVREEFATPISAALDELVASVSGGTPRVYADIQSSFGGGADRVADAARALAAADDEAFDDLYRRVSRGDSGVAAGADRVADDRSRDRDQTDKHDPVE
D4GYN9	RecName: Full=Putative [LysW]-aminoadipate/[LysW]-glutamate kinase {ECO:0000256|HAMAP-Rule:MF_02082}; EC=2.7.2.17 {ECO:0000256|HAMAP-Rule:MF_02082}; EC=2.7.2.19 {ECO:0000256|HAMAP-Rule:MF_02082};	MTGYTREELLAAHEQLVDNEDNLIADGGIGIGDSGTSSALRADGGKEPPVVVKIGGAKAVDPKGAVSDVAHLVANGTDVVVVHGGSTAVDETLEELGEEPTYVESPSGVSGRFTDERAMEVFSMVMPGKLNTDLTALFREAGVDALGLSGVDGGLLTGPRKSAVRVVEDGKKKIKRGDHSGKITSVNATLLETLLDGGYTPIVTVPMLADDGVPVNADADRAAAAVAGALGAKLVVLTDVKGVYADPDDESTLIETADTPEEFSALESAAEGFMTKKVMAAKEALDGGAAEVVVADANLNDPIVTALNGGGTHVTPGALVEAEGAEQ
D8IR44_HERSS	SubName: Full=Prephenate dehydrogenase protein {ECO:0000313|EMBL:ADJ65170.1}; EC=1.3.1.12 {ECO:0000313|EMBL:ADJ65170.1};	MFKKVVIFGVGLIGGSFALALRRAGQAAHIVGVGRSLQSLERARELGIIDAVATDAASAVQGADLILVAAPVAQTGPILASIAPHLEPQAIVTDAGSTKSDVVAAARMALGDRIVQFIPAHPIAGREKHGPEAALAELYEGKKVVITALPENDAADVEIVAAAWRACGAVIHRLSPQEHDAVFASVSHLPHVLAFALVDDIAAKPHAATLFQYAASGFRDFTRIAASSPEMWRDITLANRDALLTEVDAYLLQLQNIRAMIAAGDGPGIEKIYASAQHARQQWAAAIEAAERKAS
D8J1Y3_HERSS	SubName: Full=O-acetylhomoserine sulfhydrylase protein {ECO:0000313|EMBL:ADJ64766.1}; EC=2.3.1.31 {ECO:0000313|EMBL:ADJ64766.1};	MNDKKTYGFTTTILHSDRQKGIEHGSLHKPIHTSVTFGYEDARQLAEVFQGKQPGYRYGRQGNPTVAALEDKITKMEDGKSTICFATGMAAIGAIVQGLLREGDHVVSSAFLFGNTNSLWMTVGAQGAKVSMVDATDVKNVEAAITANTRLVFVETIANPRTQVADLKRIGELCRERGILYVVDNTMTSPYLFRPKTVGAGLVVNSLTKSIGGHGNALGGALTDTGEFDWTRYPHIAENYKKNPAPQWGMAQIRAKALRDFGGSLGPEAAHHIAVGAETIALRQERECKNALALAQMLQADERVAAVYYPGLESHPQHALSKALFRSFGSLMSFELKDGIDCFDYLNRLRLAIPTSNLGDTRTLVIPVAHTIFYEMGAERRASMGIAESLIRVSVGLEDTDDLVADFRQALDA
E1QE65	SubName: Full=Prephenate dehydrogenase {ECO:0000313|EMBL:ADK83851.1};	MAESDFADFEIGIIGGSGRMGRWLVDYLQGLGCRARVAASRHAQAERDLAQNCHVLVLAVPVGQMTTVMAELGPLTRPDGLVVDLCSLKETPLQAMLAHARGQVVGCHPLFGPTANGLDGQTVFLCPGRGQSWLERLQNFLHTQNANVVSLTATEHDKLMAIVQSLRHILVAALGQTLANSDINLKAILPMAGPWFNHLAQLLQNQAAQPASLYAHLATQNPHALAPAQALRQAIDNITQAIQDNDENALIKYLDFSFM
E4PLW0	RecName: Full=N-acetyl-gamma-glutamyl-phosphate reductase {ECO:0000256|HAMAP-Rule:MF_00150}; Short=AGPR {ECO:0000256|HAMAP-Rule:MF_00150}; EC=1.2.1.38 {ECO:0000256|HAMAP-Rule:MF_00150}; AltName: Full=N-acetyl-glutamate semialdehyde dehydrogenase {ECO:0000256|HAMAP-Rule:MF_00150}; Short=NAGSA dehydrogenase {ECO:0000256|HAMAP-Rule:MF_00150};	MDCQKDSDNIVTVALRAAISHWFIMVDYGVKALNSDTTSLEKMVIKVGIVGGTGYTGVELLRILAVHPEVSVSCITSRSEAGMPVAEMYPNLRGHYDLAFSEPDVNVLGACDLVFFATPHGVAMRMVPELMSAGVRVVDLSADFRLKDLDVWANWYGMAHESPEWAEKAVYGLPEVVRDEIRNAQLVANPGCYPTAVQLGFLPLLEQGLVDPKRLIADAKSGASGAGRQGKIGMLHGEIGESFKAYGASGHRHLPEIRQGLCGAAGGDVGVTFVPHLIPMIRGIEATLYAELKNPADFDRLQALFEQRFDDEPFVDVMPFGSHPETRSVRGANQCRMALHRQEQSNIVIVSSVIDNLVKGAAGQAVQNMNIMFGLKETMGLEAPALLP
E4PQZ8_MARAH	RecName: Full=Indole-3-glycerol phosphate synthase {ECO:0000256|HAMAP-Rule:MF_00134}; Short=IGPS {ECO:0000256|HAMAP-Rule:MF_00134}; EC=4.1.1.48 {ECO:0000256|HAMAP-Rule:MF_00134};	MTDRHLDKTPTILRRIVDRKWEEIDERKRQVSIADLKAKARDQPAARGFANALRSRIEQQTPAVIAEIKKASPSKGILRDPFEPAVIAESYEKGGAACLSVLTDRDFFQGDEDYLVAARNACSLPVIRKDFMVAPYQVYESRAIGADCILLIAACLTKDQMQELEGIAHEIGLDVLVEVHDGEELDDALTLTTPLVGINNRNLHTFDVSLDTTFDLHERISQDRLTITESGIMTRSDVEAMTARGIYGFLVGESFMRAEEPGQKLQELFFPKG
F2LX84	SubName: Full=ApbE family lipoprotein {ECO:0000313|EMBL:AEA33142.1};	MRRVYRELFNLEGFESFEVSYKKSNLFIKSCKNARFEVFKYLKKLIDELEIYIEKRKDFLSSLTPIKQDKKAPKIAQAMIEAARIAGVGPMAAVAGAVAEFIGKNLLKECNECIVENGGDVFLKLNKQATIGVFTTNPYFKDKLAINLSCTGLGCGICSSSSKIGPSLSLGRADLAMIVDKDCAKADALATKTANLIKEESDIDKAIEFAKSKNIIGCLFIKDKKLGIWGNLKVV
F9VNX9	SubName: Full=Phosphoserine aminotransferase {ECO:0000313|EMBL:BAK54487.1}; EC=2.6.1.52 {ECO:0000313|EMBL:BAK54487.1};	MLLIPGPVEVPRSVREASTLVVNHRSEKFREIVRKLESLMNKHFSASRTALLTGSGTLAVEAMVYSLIKPNEKVISFPYGEFGNRLVDSLRRRGAQVKVYEKKIGEIFSIDEIKKALDENKDATAVALVHNETSSGMAFRNLEDVVSEVKRRGLKLLVDSVSGFAAYKLLVNEWKIDAVATGSQKALASVPGMSFVALSDDGIEEIQGESLPSYLDISLHLKFQDKGETPFTPAVGVFNASLRAAELLEIEGIENRWKRHEACARFVREVLSSYGFLLFGNENNFSNTVVAGVPPIPDYRKKLLNEFNIEISGGMGELKEKIVRIGLLGVVDSRAVNKLLEATAKLLDKNYDYLPPRECKLPELLEKEVEWS
G0EDA1_PYRF1	SubName: Full=Cobalamin-independent synthase MetE domain protein {ECO:0000313|EMBL:AEM39779.1};	MQALNVACDVLTPYPRSDRVRRLLRRLEELGEASTLETMRALVEDSLMLMGAQLAVGTRSVADPLLDWHDLLRPFAEAWRGVWVDGLARWFDNNFFYRVPVIEDLPDPQRLVTPGRAAAMRSVLPSWAAIRIVLPGPVTFTRLAKIREGLDPIKVAERVAEILALEAEKSVKNGASVIEVHEPFLGDMDARPEDAEEAARLANKIFARIKDKAETRLVTYYAPPRREVWKKLSDVNADYVIIDYVDKPEAAREALDAWTPSGLGLGLINARSIYPEDVDATAGKAKELAMKYKVEKLLVTTSAPLDLIPLRYALEKTRITCEVVRRID
G0EDV3	RecName: Full=3-dehydroquinate dehydratase {ECO:0000256|ARBA:ARBA00012060}; EC=4.2.1.10 {ECO:0000256|ARBA:ARBA00012060};	MIVAAVPVKELSDLAKAHHALSTPLVDAVELRLDYLPSLDDMLRVVREASEAGILSRSIVTVRAWWEGGVNKFSDEERINVLRAALDHGAMLVDLEVYTLERVDLKQLEGFDWRRTLLSLHVDVENYNDGMAEYLLSSAKRLGAWGAKLAVKADLPERVSSILYWFLSEAARRNIRVAVMPYGCCMGLRLALYAAGSELLYVCASEDIGGTATGQPCLSRDTDRSLVECVKRLRMVAMRP
G0EEF0	SubName: Full=EPSP synthase (3-phosphoshikimate 1-carboxyvinyltransferase) {ECO:0000313|EMBL:AEM37991.1};	MPDSVMGRALVADPHVVVVTGFEPKSSVVEIKAPPSKSFYYRLAGLLLAGRGCVRNVPDCEDADAATDIVLAAGGVVVSDGRVCLDYFRESETYDVDVYCSGGALRITLVALLAAAPIGSRISVHVCKRLFRRLEEGTLSLWKQFGEARLDPGSNVINIVKTREPQMLRVASTKSSQPISGALIAAAILSALRGGDPVKVEGYTGVSSGHIYETLESLRLAGFTLEDIRIDERGDGIAIHALVSGVERRFVLWTPGDWGLASLVAPLASTGVRLIIRGLWRPWAGPGDHYASFYYKILGFDSKILEHDDSAEWDIEPFSARSADNITITVRREPDVAVSVAYAASALGVSVKIAGVHHLVLKESNRLESVTASLRSLGYVAYHTNDDIIVAGRAVKPSFVNIECPDDHRIAMGTAVLAATSGVVARISNATCTSKSWRGFWSTLQEAGVRIFFEGGKLE
G0EFB7_PYRF1	RecName: Full=Methionine synthase {ECO:0000256|HAMAP-Rule:MF_00288}; EC=2.1.1.- {ECO:0000256|HAMAP-Rule:MF_00288}; AltName: Full=Homocysteine methyltransferase {ECO:0000256|HAMAP-Rule:MF_00288};	MSAITGYRLPKAFITTVVGSYPKMPEAEEAIRKRRQGLITEEEFHKLVQPAIKKVIEDHLEAGVDILSDGEQARDDMVVYFAERIGGYSGGEWVRIFDNVYFRKPVIVARLEYKGPMAVMDWEYATSIAQGRPVKAILTGPYTMADWSFDLQYGDRRELVLELARVLRHEIEEFVKRGAKFIQVDEPALPTRPLPEEAELVKEALEIMLKGIEVKKIVHVCFGRIEKLLPHLMEFPVDQLDLEFKNSGFKLLPYVKEYWDPRKEIGYGVIDVHSLRVESVEEIIEDVERLLKLDVIPPEKIYIDPDCGLKRLPRDVARAKLRNMVEAARQLRKKYGFEE
H0BV16	RecName: Full=Tryptophan synthase alpha chain {ECO:0000256|HAMAP-Rule:MF_00131}; EC=4.2.1.20 {ECO:0000256|HAMAP-Rule:MF_00131};	MSRIASTFSALQAQGRKALIPYVTAGFPFADITPALMHGMVEAGADVIELGVPFSDPMADGPVIQKAGEKALSLGIGMVQVLDHVREFRKRNNTTPVVLMGYANPVERYDQKHGEGAFVRDSAAAGVDGVLIVDYPPEECEAFAASLRAHGMDLIFLLAPTSTDERMAEVARVASGYVYYVSLKGVTGSGALDTAAVEQMLPRIRQHVTIPVGVGFGIRDAATAQAIGKVADAVVIGSRIIQLIEDQEHAKVVPLTIDFLRGIRKALDA
HIS8_BACSU	RecName: Full=Histidinol-phosphate aminotransferase; EC=2.6.1.9; AltName: Full=Imidazole acetol-phosphate transaminase;	MRIKEHLKQLKPYQPGKPIEAVKSEYGLDKVVKLASNENPYGCSEAAKEALHHEIQQLALYPDGYSAALRTRLSKHLNVSETSLIFGNGSDEIIQIICRAFLNDKTNTVTAAPTFPQYKHNAVIEGAEVREIALRPDGSHDLDAMLEAIDEQTQVVWICSPNNPTGTYTSEGELLAFLERVPSRVLVVLDEAYYEYVTAEDYPETVPLLSKYSNLMILRTFSKAYGLAALRVGYGIADENLIRQIEPAREPFNTSRLGQAAAIAALDDQAFIASCVEQNNAGLQQYYDFAKTHGLKCYPSQTNFVLIDFKRPADELFQALLEKGYIVRSGNALGFPTSLRITIGTKEQNEEILAILAEIL
HIS9_BACHD	RecName: Full=Histidinol-phosphatase; Short=HolPase; EC=3.1.3.15;	MGKHDGHVHTPFCPHGTKDSFDAYCERAISLGFTSLSFTEHAPLPKGFTDPTPAQDSSIGWNELDDYIHTLSSIKKAYRDQLTIYIGLEVDFIEGFEEEICTFLNEYGPLLDDSLLSVHFLKHSDRYFCIDYSPDVFAVAIRTFGSIQAVYDTYYRTLERSITSELGPYKPKRIGHMTLVNKFQKKFPAPSTEHQKKSQLEILQLVKKHGYSLDYNGAGFIKPLCGESYPPESIAKEAVALGIPLIYGSDAHQAKALATGWEQMTPTLKNQDE
HIS9_BACSU	RecName: Full=Histidinol-phosphatase; Short=HolPase; EC=3.1.3.15;	MQKRDGHIHTPFCPHGSNDTLRQYAEEALKKGFESITFTEHAPLPPSFTDPTPLKDSAMAQASLERYIHEISGLKKEYRGQLSIRTGLEVDYIAEFEDEITLFLDTYGPYLDDSILSVHFLRTDSSYLCLDYDEHTFKELISACGSIEAVYEQYYRSIYSSIVASLGVYKPKRVGHITLVQKFIKLFPYSMSEHIRGLVSLCLNAIEENGMELDFNTSGLRKTYAGGIYIEDWMLNEAKQKKIPLVFGSDAHQAGDVGYAYEAFLERC
I9A2E3	RecName: Full=3-phosphoshikimate 1-carboxyvinyltransferase {ECO:0000256|HAMAP-Rule:MF_00210}; EC=2.5.1.19 {ECO:0000256|HAMAP-Rule:MF_00210}; AltName: Full=5-enolpyruvylshikimate-3-phosphate synthase {ECO:0000256|HAMAP-Rule:MF_00210}; Short=EPSP synthase {ECO:0000256|HAMAP-Rule:MF_00210}; Short=EPSPS {ECO:0000256|HAMAP-Rule:MF_00210};	MQIKVTAPAQIHTTIQLPSSKSISNRALIINALGNRTFQLENLSDCDDTQVMIHALNDGKNTIDIMAAGTAMRFLTAYLSVTPGTRIITGTQRMQQRPIQVLVNALRELGAEIEYIINDGYPPLRITGHKLQKDTISLPGNVSSQYISALLMIAPILSNGLTLTLTGEIISRPYINLTLQLMNDFGARAKWLNEYQLKVEPQPYQSIPFYVESDWSAASYWYQIAALSNKAEIILPGLFETSYQGDSKVAEIFQLLGIESIYGNKTVTLKKTDKITERLDYDFINQPDLAQTFVVTCALMNIPFRFSGLQSLKIKETDRMAALIQEMGKLGYILHETDDRILSWEGERCEMTADVAIDTYEDHRMAMAFAPACVVMPEIRINNPQVVSKSYPYYWEDLKKAGFIIEEV
L0FR45	RecName: Full=3-phosphoshikimate 1-carboxyvinyltransferase {ECO:0000256|ARBA:ARBA00012450}; EC=2.5.1.19 {ECO:0000256|ARBA:ARBA00012450}; AltName: Full=5-enolpyruvylshikimate-3-phosphate synthase {ECO:0000256|ARBA:ARBA00030046};	MNNITLPVKNHFGEVTIPLPSSKSESNRVLIVDALTEGQNQISNLAEARDTQTMIRLLAEDPETLDVLDAGTTMRFLTAYAALTNRRKTLTGTPRMCERPIGILVDALRAIGAKIEYKGKEGYPPMETLGFEKQLTNKVQIRGDVSSQYISALLMNAPLLPEGLTLELTGKIGSKTYITMTLELMKQFGIAYSFEGNTISIAPQSYKNTSFAVESDWSGASYWFSLLACADEGSFFLKGLKENSLQGDSKIVEIMDKLGVQSEFKDDGILLTKKAITGLGSYDFTHCPDLAQTVAVTCALIGQKSQFTGLESLRIKETDRIYALQQELAKFNAKLEEGENGAFTVIPSTDIPANVTIETYDDHRMGMAFMPLVTKTSVTLLDKEVVNKSYPSFWKHCVLAGIEAQ
L0FSZ3_ECHVK	SubName: Full=3-deoxy-D-arabino-heptulosonate 7-phosphate (DAHP) synthase {ECO:0000313|EMBL:AGA76417.1};	MKDHLKTSEWGLGLKGHVIIAGPCSAETPEQVEKVCLEMKEQNIIPSMFRAGIWKPRTRPGSFEGIGEDGLKWMEIVRHHLNIPITTEVGNTAHVELALKHKVDVLWIGARTTVNPFAVQEIAEALKGTDIPVMVKNPMNPDLQLWIGALERLHAVGINKLAAIHRGFSDAYDKRFRNKPNWSMPIHLKREWKGMEVINDPSHIVGKRDGILEISQRAINFGLDGLMIETHHDPDNAWSDAKQQVTPAQLKDILSKIDFKTPLDSEKPSEKLHDLRSAIDHMDDQLIDLLAERFAVIDQIGAHKREHKLTVFQSDRWKEVMDSRTDKGVKKGLSEKFMKELLFSIHEESVKRQEKQLRAGDPVNKNA
L0FT15_ECHVK	RecName: Full=Shikimate kinase {ECO:0000256|HAMAP-Rule:MF_00109}; Short=SK {ECO:0000256|HAMAP-Rule:MF_00109}; EC=2.7.1.71 {ECO:0000256|HAMAP-Rule:MF_00109};	MNNSAKIVLVGMPGSGKSTLGKTLAGQLGFDFYDLDEEIVKEEGRSIPAIFMENGEGYFRRTETRVIEKLLQIDSAFVLSTGGGAPCFNDNMTLINRHGISVFLNVSIEQLLLRLTKNEADKRPMFQGLDTGEIRLKLQDLLADREVYYEQSKIMLSGDDISTEHLISELMSFFRN
L0FXC2	SubName: Full=Amidohydrolase {ECO:0000313|EMBL:AGA77693.1};	MLKDTIKKLAADQLNQTIAIRRHIHAHPELSFEEHQTCAFVEKHLQEIGITNIQRKANTGLVALIEGKNPSKKVIALRADMDALPIVEQNDVPYKSNKEGVMHACGHDVHTSSLLGAASILHAVKDQFEGTVKLIFQPGEEKIPGGASLMIKDKALENPRPSGIVGQHVMPLIDAGKVGFRKGMYMASADELYLKVIGKGGHGAMPETLVDPVLIASHIIVALQQVISRNASPKVPSVLSFGRIEALGATNVIPNEVNIQGTFRTLDETWRAEAHQKMVKIAEGIAEGMGGSVDFEVRKGYPFLQNAPELTDRAYKAAQAYLGEENVEDLDIWMAAEDFSYYTQEMDGCFYRLGIRNEEKGITSGVHTPTFDIDESALEVGAGLMAWIAINELMSEA
L0G028_ECHVK	SubName: Full=Dihydrodipicolinate reductase {ECO:0000313|EMBL:AGA78643.1};	MNILILGYGKMGKIISQIAEERGHTIAAKIDESNIHELDKLDTTKVDAAIEFSQPDAAVQNLSWAIKHNIPVVCGTTGWLDKKPEIERLTLSNGGAFFYASNYSIGVNILFKVNSFLAKIMNEQPAYTVKMEEIHHTEKKDAPSGTAITLAESIIDRVDRVKRWDLDKDVNGNEHSLPITAKRIDPAPGTHIVTYQSEIDDIEIKHTAHSRKGFALGAVLVAEWIKDKKGVLSMDDYLTF
L0G228_ECHVK	RecName: Full=D-3-phosphoglycerate dehydrogenase {ECO:0000256|ARBA:ARBA00021582}; EC=1.1.1.399 {ECO:0000256|ARBA:ARBA00013001}; EC=1.1.1.95 {ECO:0000256|ARBA:ARBA00013143}; AltName: Full=2-oxoglutarate reductase {ECO:0000256|ARBA:ARBA00030455};	MTTDKKFIIDFDSTFTQVEALDILGEISLRNDPKRDEKLQAIKDITDLGMEGKLNLRESLERRIEILQANKSQIAELIDALKQKVSKSFQRNREFFQENAENIYILSNGFKDFITPVVAAYGLKEENVFANDFIYDEAGNIIDLNKENLLSNNNGKPATIKSLKLEGDVYVIGDGYTDYEIKASGLANKFYAFTENINRPKVSSKADHIAPSLDEILYVNKMNKKFSYPKSRINVLLLENVHPIGVEIMKQEGYNVEVVSSAMSEEELCEKIKNVSIIGIRSKTQITKKVLENANRLMAVGAFCIGTNQIDLETCQEKGIAVFNAPFSNTRSVVELAISEIIFLMRNLHDKTLKMHQGIWNKSASGSFEVRGKKLGIIGYGNIGAQLSVLAENMGMNVFYYDIVERLALGNATKIDSLDELLETCDIISLHVDGRTENKNILNKEKIFKMKKGAILVNLSRGHVVDVPALRDALESGHLAGAAVDVFPTEPKNNDEPFESELIGCPNTILTPHIGGSTLEAQENIAQFVPGKIIEYINSGNTFNSVNFPNIQLPFLKDAHRLIHIHQNAPGVLAKINQVLASYKINIVGQYLKTNEKIGYVITDIDKRYSNDVIDALKEIEGTIRFRILY
L0G3H4_ECHVK	SubName: Full=Acetyltransferase, N-acetylglutamate synthase {ECO:0000313|EMBL:AGA80057.1};	MTKSQFIIQTAGVQHCKYAETIVDEMALSAKARGTGIAKRSPDYIIQKMMEGKAVIALSKEGEWAGFCYIEAWGHGKFVANSGLIVSPNFRKSGLAREIKKAVFKLSRSKFPHAKIFGLTTGAAVMKINSELGYVPVSYSDLTDDEEFWKGCQSCVNYEILKSKNRQNCLCTAMLYVPKDQKKKEVAMKKDFGKNLNLFERLVRMKRAVFTGIKKKTIKTFELI
L0G443_ECHVK	SubName: Full=Acetylornithine deacetylase/succinyldiaminopimelate desuccinylase-like deacylase {ECO:0000313|EMBL:AGA80063.1};	MLQTFSNAMQQLKAEAKELLKQLIETPSLSREEDHTAKLLEEYLTSKGIPAKRLQNNVWATNKHFDPNLPNVLLNSHHDTVKPNNGYTKDPFKAIEEEGKLYGLGSNDAGGCLVSLIAAFVHLYDQKLPFNLILAATAEEEVSGKNGIALLLEELPTIALAIVGEPTLLDVAVAEKGLMVIDATVTGKAGHAARNEGINALYEALPDLNTLKDYSFKRVSEYLGESKVSATIIQAGSQHNVVPDKCVYTLDVRVTDSYTLQEALDELKGFLKADLQPRSMRLNSSALPKGHRIWEVIHQLSLKCYGSPTLSDQALIPYPSIKIGPGDSARSHTPDEFIHLKEIDQGIDRYVDILNGYADLTN
L0G4Z0_ECHVK	RecName: Full=N-succinylornithine carbamoyltransferase {ECO:0000256|HAMAP-Rule:MF_02235}; EC=2.1.3.11 {ECO:0000256|HAMAP-Rule:MF_02235}; AltName: Full=N-succinyl-L-ornithine transcarbamylase {ECO:0000256|HAMAP-Rule:MF_02235}; Short=SOTCase {ECO:0000256|HAMAP-Rule:MF_02235};	MKYYTQFENKSLADQLIQKALEYKKAPLSDNNLGRGKRIGLLFLNPSLRTRVSTQIAASNLGMESIVLNMDKESWALEMEDGVIMNQGKAEHIRDAAGVLGSYFDILALRAFPSLTNKDEDSEDFILHQFAKHSGLPLISLESAIRHPLQSLADMVTIQEHKQKEKPKVVLTWAPHIKAIPHAVANSFAEWSIGCGHDVTITHPEGYELDERFTQGATIEHDQDKALANADFVYVKNWSAFNEYGKILCTDESWMLNEQKLSQAPNAKVMHCLPVRRNVELSDEILDGPRSLVQHQAKNRVFAAQAALSELLK
L0G5E1_ECHVK	SubName: Full=Isopropylmalate/homocitrate/citramalate synthase {ECO:0000313|EMBL:AGA80045.1};	MDKRQVLIFDTTLRDGEQVPGCKLNTPQKIEIARQLESLGVDVIEAGFPISSPGDFKSVVEISKSVSEPIICGLSRGVAKDIEVAAEALKYAKRPRIHTGIGTSPSHIKYKFKSTPDQILERAVAAVKHAKSFVEDVEFYAEDAGRTDNEYLARICEAVVKAGATVLNIPDTTGYCLPDEYGAKIKYLMDNVKGIENVIISAHCHNDLGLATANSISAVMNGARQIECTINGIGERAGNTSLEEVAMIMKQHPRLNVYNKINSRLLNPISRLVSERMGMHVQPNKAIVGSNAFAHSSGIHQDGVIKNRETYEIIDPEEVGVTESMIVLTARSGRAALAFRLHKIGYTITKLQLDDIYQLFLEHADMKKEITDEDLHEIMKVSSVPGNVEA
L0G5F2_ECHVK	SubName: Full=Ornithine/acetylornithine aminotransferase {ECO:0000313|EMBL:AGA80060.1};	MKPFDVYPLIDVTPVKASGSTIWDDQGNEYLDLYGGHAVISIGHSHPHYTKRIKEQLDNIAFYSNSVQIPIQKELATKLGQLSGYPDYDLFLCNSGAEANENALKLASFETGKKGFIAFTKGFHGRTSGAVALTDNPKIIAPFNAHEGVHILPFNDLEAVEKQLATGTIAGVIVEGIQGVGGIQVPDPAFLLGLSALTKQYGAKLILDEVQSGYARSGKFFAHQWVEGLKPDLITVAKGMGNGFPIGGVLISPEFKASHGLLGTTFGGNHLACAAALAVLEVIDEENLITAAAENGKAIMAALEKVAGVTEVRGKGLMIGFDLATEAGPVRAALIHEHKIFTGSAGGKHTIRLLPPLNIEPKALTLFLEKLETVLNVKQST
LEUC_DESVH	RecName: Full=3-isopropylmalate dehydratase large subunit {ECO:0000255|HAMAP-Rule:MF_01027}; EC=4.2.1.33 {ECO:0000255|HAMAP-Rule:MF_01027}; AltName: Full=Alpha-IPM isomerase {ECO:0000255|HAMAP-Rule:MF_01027}; Short=IPMI {ECO:0000255|HAMAP-Rule:MF_01027}; AltName: Full=Isopropylmalate isomerase {ECO:0000255|HAMAP-Rule:MF_01027};	MAHTLAQKILQRHTDEAITDAGQIVRCRVSMVLANDITAPLAIKSFRAMGAKRVFDKDRVALVMDHFTPQKDIEAAQQVKLTREFAREMGVTHYYEGGDCGVEHALLPELGLVGPGDVVVGADSHTCTYGGLGAFATGLGSTDVAGAMALGETWFKVPPTIRATFTGTLPAYVGAKDLILTLIGAIGVDGALYRALEFDGAAIEALDVEGRMTMANMAIEAGGKAGLFAADAKTLTYCTTAGRTGDTAFSADAGAVYERELSFDVTGMTPVVACPHLPDNVKPVSEVKDVTVQQVVIGSCTNGRIGDLREAAAVLRGRKVSRDVRCIVLPATPGIWRQALREGLIETFMEAGCIVGPATCGPCLGGHMGILADGERAIATTNRNFKGRMGSLESEVYLSGPATAAASAVTGVITDPSTL
LEUD_DESVH	RecName: Full=3-isopropylmalate dehydratase small subunit {ECO:0000255|HAMAP-Rule:MF_01032}; EC=4.2.1.33 {ECO:0000255|HAMAP-Rule:MF_01032}; AltName: Full=Alpha-IPM isomerase {ECO:0000255|HAMAP-Rule:MF_01032}; Short=IPMI {ECO:0000255|HAMAP-Rule:MF_01032}; AltName: Full=Isopropylmalate isomerase {ECO:0000255|HAMAP-Rule:MF_01032};	MRYAGTAHKVGDHIDTDAIIPARFLVTTDAQKLGENCMEGLEHGWVARVKSGDIMVGGRNFGCGSSREHAPIAILGAGMPVVVAHSFARIFYRNGFNMGLLLLEVGDDVDKIADGDDIEVDAASGVITNRTTGATITCAPVPQSMRELLDTGGLVPYVRARLERENG
M4NLA4	RecName: Full=Tryptophan synthase alpha chain {ECO:0000256|HAMAP-Rule:MF_00131}; EC=4.2.1.20 {ECO:0000256|HAMAP-Rule:MF_00131};	MSRIDRRFAALKAANRTGLIPFVTAGDPSPEHMVALMHALVDAGADLIELGVPFSDPMADGPVIQHASERAIAKGVGLADVLGWVAAFRQHDADTPIVLMGYLNPIETHGYARFAGEAVQAGVDGVLLVDCPLEESAVLQPLRDAGLQRILLAAPTTEPSRMAQLCGSAEGFLYYVSFAGITGAAHLSTGDIAARVADVRARAKAPVAVGFGIRDAASAKAIAGFADAVVIGSALVDRLAGATDAGEITRRTQAFLAPIRAALDAR
N9V397	SubName: Full=Phosphoglycerate mutase family protein, putative {ECO:0000313|EMBL:ENY63406.1};	MTKLILIRHGETEWNLLGKIQGCTDIELTPNGIQQANEVAQQIKGNFDIIYSSPLHRALITAQKIAGDKEVHLIEGMKEIPFGTWEGHTFEELNGDINYKKFLSGEDGCPFDSTGMSIASWSKKNAQLLLDLCKQNENKTIVCVSHGAWIKTSILGLLEMEPTMYHKFQLGNTGITTFIFRHGHPVLTSFNSTQHLLTENKSKTG
OFOA1_AERPE	RecName: Full=2-oxoacid:ferredoxin oxidoreductase 1, subunit alpha {ECO:0000303|PubMed:15848165}; Short=OFOR1 {ECO:0000303|PubMed:15848165}; EC=1.2.7.11 {ECO:0000269|PubMed:15848165};	MRKDVVLLVGGAQGSGLETTMQVLAPAYASLGYGVLANREYFSNIVGRHSYIHIRVSSSGEARPLYYPADFLGAMDAETVFTHWDDIGEGAFLLYDLGTARMRLQQIASMEPDLRSRLMQQYREAGIEPFTVEKVVEYLEREKRVRVIGLSFTALFDVLIKKHGLSRAQAQRFRSSILIGAIAGLTSLDREALDLGLQRRFGSRPKVLEINRDFIASVADEVEKEYGAQLKLEPAEPKSGEYVVASGNDVVAMGKVVGGVRYQAYYPITPASDESVLLEEFEGLKIDGESLGSIAILQTEDEIAAVSSVIGAALTGARASTATSGPGFSLMVEALGWAGKNDVPMVITYYQRGGPSTGLPTRGSQSDLLFSLFASHGEFPRIILSSGDHLEAFYDAIEAYNLAERFQMPVIHLLDKFLANMVASVPFPDWKAIKIDRGKTLFKAPTGPFKRFPRDQPLADRPVLGSGAITWYTGDENDEYGHIDEDPVNRLVMYERRWKKMEIADREIPEDFRVKYYGDEDAEVLLVGWGSVKIPALEAIERLREMGVNAAYLHLRMLSPLPKRRVSEVLSRFDADRVIAVEANYLGQASKIVTMETGFMFRKYILKWTGRPVYLHELVEGVLDIVRNGRDKVVLSYGK
OFOA1_SULTO	RecName: Full=2-oxoacid:ferredoxin oxidoreductase 1, subunit alpha {ECO:0000303|PubMed:27619895}; Short=OFOR1 {ECO:0000303|PubMed:27619895}; EC=1.2.7.11 {ECO:0000269|PubMed:27619895, ECO:0000305|PubMed:19027887};	MRLSWVIGGAQGTGIDTAANIFGNAVASAGYYIYGNREYYSNIKGRHSYFSLTISDKRVRSNTQKIDILVSFDAETVFQHFYDVKDILIYNKAVETTKIDAVQSMEPELAERIKDFLTKQGYETTVKGALEYASKNNVTLIPVNYDEIAKKVADEMKVPLSVTERVKNIVGITISYKLLGLDVNYLIEAINSTFKQDLYRKMNELAVKDSYDIVESRYNLKPSSKERRRFWLDGNTAVAIGKIYGGVRFQSYYPITPASDESVYIEAHQDVLMEDPITGDKKKGTIVVVQAEDELAAINMAIGAALTGVRAATATSGPGFSLMVEGLGWAGMNEVPVVITYYIRGGPSTGLPTRTAQSDLIFPIFAGHGEFPKIVLASGDHAEAFKDAIWALNLAEKYQTPVIHLVEKTLANSYSTIPYEELELDKLKAERGKIVESGDISYKRFKFTEDGISPRAFLGKATMYYTGDEHNEEGHISEDVVNRTMMYEKRMKKLEVADKEIPEESRVKIYGDLNSRNLIITWGSPTGVLRDILEESNFDFTLLQIRMFSPFPKNLVSKLMEGRDKIITVEGNYLAQTSLLVKMYTGKDVTNSILKWNGRPFLRDELEEALIKVIKDGEKRVVLNGGI
OFOA2_AERPE	RecName: Full=2-oxoacid:ferredoxin oxidoreductase 2, subunit alpha {ECO:0000303|PubMed:15848165}; Short=OFOR2 {ECO:0000303|PubMed:15848165}; EC=1.2.7.11 {ECO:0000269|PubMed:15848165};	MVDISLIIGGPQGGGIESAGQIAIKSMVLLGYEVLGSREYHSNIMGAHSYYHLRVQQHRPRSLKLPVDGVLALDAESVFTHFRDVRPGGILVYDPGTKSTRVDAIQPMAGPLKKRLKSLFDSRGMQPVVESAVKLAEEAGARIVGLPLKEMLKTLSERTGAPVARVSRALNTLGLASMLYMLGVPVEYIEKAISLQFAGKEKVINMNVEAVRIAVDYVREAFGEPESRLPPGPRRGQTMMVATGNDLVAMGKIVGGLGVITYYPITPSSDEALYVEKHSYISIDGPLAEKLGYDKIAVAIVQMEDELASINAVLGAAAAGARASTTTSGPGFSLMNEAVSLAVEAEIPVVVTLWMRAGPSTGMPTRTGQQDLLHSIFSGHGDAPKIVLASGDHVEAFYDAIKAFNWAEEFQTPVIHLLDKYLASSMVSLAREDLDPSKVPITRGKLLDNPPADYRRYEVVEDGISPRARLGSATMVITGLEHDEYGYATEDPVMREIMMFKRERKFKVIEERIPDEEKAVLHGDSEASVALVSFGSTKQPILEALEMLRDEGVRARFAQVRLLYPFPGRLVEEMLEGVEKVIMVEQNLLGQLAMLLRAHTSIKPDSSIVKINGRPLYSFEVAGAVKRILETGEERVVVSHGS
OFOA2_SULTO	RecName: Full=2-oxoacid:ferredoxin oxidoreductase 2, subunit alpha {ECO:0000303|PubMed:27619895}; Short=OFOR2 {ECO:0000303|PubMed:27619895}; EC=1.2.7.11 {ECO:0000269|PubMed:27619895};	MTRIVWMIGGAQGLGVDTSANIFGNAVAKAGYYLFGNREYYSNIKGRHSYFEVVISEKPIRSLSSYVNILASFDAETVFQHFTETKEYLIYNVEYENTTVDLVKSMEPEMAEQVKEALSKERLGFTIKDVLEYLKRRGVKVIGFNYTELIKKIADTFKVPMSVVERAKNMIAVGASYGLLGLKFDYLKDAISSTFKNELFIKFNTMAAELGYNSVPNVYKLQEYKIEKQRIQVDGNTISAMGKLAGGLRFQSYYPITPASDESVYIEANQNLDMIVEGNELRKGGVVVVQAEDELAAINMAVGAALTGVRSATATSGPGFSLMSEGISWAGMNEVPVVITYYMRGAPATGLPTRSGQADLKFALNVGHGEFPRIVIASGDHVEIFWDAIWALNLAEKYQTPVIHIIEKTLANAYSVFEEELITNRPYVIERGKIVKPTSDYFNRFEVTEDGISPRVFLGQASIFYTGDEHNEEGHITENSINRMKMYEKRNKKLETADKEIPEEQRVNIVGDADIVLLTWGSPKGAILDAMEELSKDGIKTMMVQVKMFNPYPKNLMKKILSGKSKIIAVENNYNAQGAEVLAEKTGIFATNYILKWTGRPITREEVIEGIKKILERDEKRVVLYGGA
OFOA_SACSO	RecName: Full=2-oxoacid:ferredoxin oxidoreductase subunit alpha {ECO:0000303|PubMed:16466637}; Short=OFOR {ECO:0000305}; EC=1.2.7.11 {ECO:0000269|PubMed:16466637};	MRISWMIGGAQGSGVDTSANIFGNAVAASGYYIYGNREYYSNIKGRHSYFNLTISDKPPRSIAQQIEILTSFDAETIFQHFNEVKDVLIYSTEVENTKAEQVQSMEPEITEHVVKFLKEKGYGTTVKDVINYLKKEKGVKVIPIDYMEILKKVADQAKVQLSVADRARNTIAIAASYKLLGLKEQYLINSITRTFRQEVFAKINTIAAQLAMQQIQPMYNLPELPNNEEKINLDGNTAAAIGKIYGGLRFQSYYPITPASDESVFIEAHQTVFTVDPKTGEKRKSTIVVVQAEDELAAINMASGAALTGVRAATATSGPGFSLMVEGMGWAGMNEVPVVITYYIRGGPSTGQPTRTSQADLMFALNAGHGEFPRIVIASGDHVEAFHDGTWALNLAQKYQTPVIHLVDKALANSYSIIPKKTLGMENIRIEKGKIVINTNTPELKRFEITEDGISPFAPLGTARVHYTGDEHDEYGFIAEASENREKMYEKRIKKLMTADKEIPEESRVNVYGNTDSKVAIITWGSPKGAILDAMEELENEGIKPMLIQIRMFSPFPKNLMRKLLNGKEFIIDVESNYFGQAGEVLKLNTGIEPTHYILKWNGRPMMRDEVKEGIKAVVQKGERRVVLHGGA
OFOA_SULSP	RecName: Full=2-oxoacid:ferredoxin oxidoreductase subunit alpha {ECO:0000303|PubMed:8902625}; Short=OFOR {ECO:0000303|PubMed:11683888}; EC=1.2.7.11 {ECO:0000269|PubMed:11683888, ECO:0000269|PubMed:12009405, ECO:0000269|PubMed:8902625};	MRLSWVIGGAQGTGIDTAANIFGNAVASAGYYIYGNREYYSNIKGGHSYFSLTISDKRVRSNTQKIDILVSFDAETVFQHFYDVKDILIYNKAVETTKIDAVQSMEPELAERIKDFLTKQGYETTVKGALEYASKNNVTLIPVNYDEIAKKVADEMKVPLSVTERVKNIVGITISYKLLGLDVNYLIEAINSTFKQDLYRKMNELAVKDSYDIVESRYNLKPSSKERRRFWLDGNTAVAIGKIYGGVRFQSYYPITPASDESVYIEAHQDVLMEDPITGDKKKGTIVVVQAEDELAAINMAIGAALTGVRAATATSGPGFSLMVEGLGWAGMNEVPVVITYYIRGGPSTGLPTRTAQSDLIFPIFAGHGEFPKIVLASGDHAEAFKDAIWALNLAEKYQTPVIHLVEKTLANSYSTIPYEELELDKLKAERGKIVESGDISYKRFKFTEDGISPRAFLGKATMYYTGDEHNEEGHISEDVVNRTMMYEKRMKKLEVADKEIPEESRVKIYGDLNSRNLIITWGSPTGVLRDILEESNFDFTLLQIRMFSPFPKNLVSKLMEGRDKIITVEGNYLAQTSLLVKMYTGKDVTNSILKWNGRPFLRDELEEALIKVIKDGEKRVVLNGGIYTSME
OFOB1_AERPE	RecName: Full=2-oxoacid:ferredoxin oxidoreductase 1, subunit beta {ECO:0000303|PubMed:15848165}; Short=OFOR1 {ECO:0000303|PubMed:15848165}; EC=1.2.7.11 {ECO:0000269|PubMed:15848165};	MASRGVASYRTEVWSDWCPGCGDFGILAAMQKAFAELNLDPAQTVVVSGIGCSSKTPHFINVNGVHTIHGRGIAFATGIKLANPQLKVIVNGGDGDLLGIGVAHFVALGRRNLDVTVLIHNNKVYGLTKGQASPTLRRGEKVKSLPVPNLQDAVNPIALAIASGYTFVARAYSLWVDHLKEILKAAINHKGSAVIDVLQPCVTYNDIYTAEFYKDRLYKLEDDPSWDPIVRDPSEDEEKKAAAIKKAEEWGTRIPVGVFYVNPLKDTYEERLAQRNPSYSIDNPPALQPISREDGSPIVGPDEFRKIFKRFIVNVKKL
OFOB1_SULTO	RecName: Full=2-oxoacid:ferredoxin oxidoreductase 1, subunit beta {ECO:0000303|PubMed:27619895}; Short=OFOR1 {ECO:0000303|PubMed:27619895}; EC=1.2.7.11 {ECO:0000269|PubMed:27619895, ECO:0000305|PubMed:19027887};	MAAFKPQWNDWCPGCGNFGILNAEQQAIVELGVDTKNVVVVSGIGCSGKIPHFFRTPISGVHTLHGRAIAFATGIKLSNPDLVVIVNGGDGDLLGIGAGHFVAAGRRNVDMVVILHDNGVYGLTKGQASPTLKRGEKPKSLPRPNINDAVNPIALAISSGYTFVARGYAYDVKHLKELIKSAIKHKGLALIDVLQPCPTYNDINTKEWYDKRIYKLDTLPDWDPVVKKPEEVNEKIKRAIDKSLEWGDRIPIGIFYQNELVPSYEERIKANSPAYLDYTPAKQLIEKEGKLTTIIDPLLKEREVD
OFOB2_AERPE	RecName: Full=2-oxoacid:ferredoxin oxidoreductase 2, subunit beta {ECO:0000303|PubMed:15848165}; Short=OFOR2 {ECO:0000303|PubMed:15848165}; EC=1.2.7.11 {ECO:0000269|PubMed:15848165};	MARSWLDYKTQAWVQWCPGCGDFGILNSIYRAVSELGIDPENLAVVGGIGCSGRTTYYVKGSNFHALHGRAIPVATGVKLANPHLNVIVAGGDGDLMGIGGGHFVALGRRNLNITVLLFDNAVYGLTKGQAAPTLPAWVKTKALSMPNIHDNINPVLLAFAAGYTFIARGYAYHTQQLKELIKTAVRHRGAALVDILQPCPTYNNIMTNKWYEERIYYVDQEEGYDPIIRTPEEFQKKAPAIAAKLMEFGDRIPLGILYWNQTRESFEERLEKIMPGYMSAPPATRRIELEGKPFLHPFDIFKDRLVTP
OFOB2_SULTO	RecName: Full=2-oxoacid:ferredoxin oxidoreductase 2, subunit beta {ECO:0000303|PubMed:27619895}; Short=OFOR2 {ECO:0000303|PubMed:27619895}; EC=1.2.7.11 {ECO:0000269|PubMed:27619895};	MVERKPVFVDWCPGCGDFGILRAEEMAIRELGINPKSVVIVSGIGCSGKIPHFMNLPISGVHTLHGRSIAFATGIKLSNPSLEVIVNVGDGDGLGIGMGHFVHLGRRNIDIAVLVHNNGVYGLTKGQASPTLHRGEKTKSLPKPNIMDAVNPLAVALAAGYTFVARGYAYDVMHLKELIKKAILHKGSALVDILQPCPTYNDINTKEWYDKRVYKLDNVPGWDPVVRKEEEAQKKFEQAIMKSYEWGEKIPIGIFYQNELVPTFEDRLTSNIPNYREYYPAKQQIEINGISTTKIDELIKAKRI
OFOB_SACSO	RecName: Full=2-oxoacid:ferredoxin oxidoreductase subunit beta {ECO:0000303|PubMed:16466637}; Short=OFOR {ECO:0000305}; EC=1.2.7.11 {ECO:0000269|PubMed:16466637};	MAGLKVEWNDWCPGCGNFGILSAEQQAIQELGLDPKKVVLVSGIGCSGKIPHFIRLPASGVHTLHGRALTFAIGIKLANPSLEVIVNGGDGDQLGIGVGHFVSAGRRNVDLTVIVHNNGVYGLTKGQASPTLKLGVKTKSLPKPNINSDINPIALAISSGYTFVARGYAYDVKHLKEIIKKAIKHKGLAMIDVLQPCPTYNDIHTKEYYDKRVYKLDEDPSWDPIVKKPEEMDDKMSKAILKSMEWGDRTPIGIFYQNELVSTYEQRIAERSPSYLDNPPAHDVIEFEGKPTTDVEDILKERRVT
OFOB_SULSP	RecName: Full=2-oxoacid:ferredoxin oxidoreductase subunit beta {ECO:0000303|PubMed:8902625}; Short=OFOR {ECO:0000303|PubMed:11683888}; EC=1.2.7.11 {ECO:0000269|PubMed:11683888, ECO:0000269|PubMed:12009405, ECO:0000269|PubMed:8902625};	MAAFTPQWNDWCPGCGNFGILNAEQQAIVELGVDTKNVVVVSGIGCSGKIPHFFRTPISGVHTLHGRAIAFATGIKLSNPDLVVIVNGGDGDLLGIGAGHFVAAGRRNVDMVVILHDNGVYGLTKGQASPTLKRGEKPKSLPRPNINDAVNPIALAISSGYTFVARGYAYDVKHLKELIKSAIKHKGLALIDVLQPCPTYNDINTKEWYDKRIYKLDTLPDWDPVVKKPEEVNEKIKRAIDKSLEWGDRIPIGIFYQNELVPSYEERIKANSPAYLDYTPAKQLIEKEGKLTTIIDPLLKEREVD
P04948	RecName: Full=Homoserine kinase; Short=HK; Short=HSK; EC=2.7.1.39;	MNEADMLFSVTVPGSTANLGPGFDSVGMALSRYLKLTVFESDKWSFEAETETVAGIPAGTDNLIYQVAKRTADLYGKEMPPVHVKVWSDIPLARGLGSSAAAIVAAIELADELCGLKLSEADKLHLASLEEGHPDNAGASLVGGLVIGLHEDDETQMIRVPNADIDVVVVIPFYEVLTRDARDVLPKEFPYADAVKASAVSNILIAAIMSKDWPLVGKIMKKDMFHQPYRAMLVPELSKVEHVAEMKGAYGTALSGAGPTILVMTEKGKGEELKEQLALHFPHCEVDALTVPKEGSIIERNPLYQVKSV
P06959	RecName: Full=Dihydrolipoyllysine-residue acetyltransferase component of pyruvate dehydrogenase complex; EC=2.3.1.12; AltName: Full=Dihydrolipoamide acetyltransferase component of pyruvate dehydrogenase complex; AltName: Full=E2;	MAIEIKVPDIGADEVEITEILVKVGDKVEAEQSLITVEGDKASMEVPSPQAGIVKEIKVSVGDKTQTGALIMIFDSADGAADAAPAQAEEKKEAAPAAAPAAAAAKDVNVPDIGSDEVEVTEILVKVGDKVEAEQSLITVEGDKASMEVPAPFAGTVKEIKVNVGDKVSTGSLIMVFEVAGEAGAAAPAAKQEAAPAAAPAPAAGVKEVNVPDIGGDEVEVTEVMVKVGDKVAAEQSLITVEGDKASMEVPAPFAGVVKELKVNVGDKVKTGSLIMIFEVEGAAPAAAPAKQEAAAPAPAAKAEAPAAAPAAKAEGKSEFAENDAYVHATPLIRRLAREFGVNLAKVKGTGRKGRILREDVQAYVKEAIKRAEAAPAATGGGIPGMLPWPKVDFSKFGEIEEVELGRIQKISGANLSRNWVMIPHVTHFDKTDITELEAFRKQQNEEAAKRKLDVKITPVVFIMKAVAAALEQMPRFNSSLSEDGQRLTLKKYINIGVAVDTPNGLVVPVFKDVNKKGIIELSRELMTISKKARDGKLTAGEMQGGCFTISSIGGLGTTHFAPIVNAPEVAILGVSKSAMEPVWNGKEFVPRLMLPISLSFDHRVIDGADGARFITIINNTLSDIRRLVM
P50383	RecName: Full=Tryptophan synthase beta chain 1; EC=4.2.1.20;	MVKEDEILPKYWYNIIPDLPKPLPPPRDPQGAYFSRIDLLRSILPKEVLRQQFTIERYIKIPEEVRDRYLSIGRPTPLFRAKRLEEYLKTPARIYFKYEGATPTGSHKINTAIPQAYFAKEEGIEHVVTETGAGQWGTAVALAASMYNMKSTIFMVKVSYEQKPMRRSIMQLYGANVYASPTNLTEYGRKILETNPQHPGSLGIAMSEAIEYALKNEFRYLVGSVLDVVLLHQSVIGQETITQLDLLGEDADILIGCVGGGSNFGGFTYPFIGNKKGKRYIAVSSAEIPKFSKGEYKYDFPDSAGLLPLVKMITLGKDYVPPPIYAGGLRYHGVAPTLSLLTKEGIVEWREYNEREIFEAAKIFIENQGIVPAPESAHAIRAVVDEAIEARKNNERKVIVFNLSGHGLLDLSNYESMMKRLNGNG
P72649	SubName: Full=Phosphoglycerate mutase {ECO:0000313|EMBL:BAA16651.1};	MTKDDVAHQYPEQYRLWHEAPDQLAMTVDGAEYYPVAALYAQAQRFWQDVLTDAAGQTLLIVAHNGINRCLLMSAIGMPASHYQRLQQSNCNINVLNFSGGWGDPVQLESLNQTAHMGVPLPPPRKDNNRLRLLLIRHGETQWNREGRFQGIRDIPLNDNGRHQAQKAAEFLKDVPINLGISSPMARPKETAEIILQYHPSIELDLQPELAEICHGLWEGKLETEIEAEYPGLLQQWKDAPATVQMPEGENLQQVWDRAIACWQDRVKFYSQGDGSTVGIVVAHDAINKVILAYLLGLTPAHFWQVKQGNGGVSVIDYPQGLDKPPVIQAINLMGHLGTVLDKTAAGAL
Q2FH40	RecName: Full=Uncharacterized hydrolase SAUSA300_1291; EC=3.-.-.-;	MNELEFVTKHRRHLHQHPELSLHEFETTAYIKAFLDSLNIKYDCPLETGVIAYLEGNGSHTIAYRADIDALPILEENDVPYRSQSDHVMHACGHDGHTTALMLFVQRCKDMQDAGQLPQNVVFIFQPAEETGGGANRLIKAGAFDKYPIEAVFGIHVNPFADEGIAVIRDEEITASATEYRFFLTGLSSHVADKEQGHSCGEALQHVLTQISQIQQFHLNGLKRNIVHIGHFKAGEAINTVPSNGYLEGTIRTYDIDDLTIVKNQMHKIAESVKLLFNVDCEVKFAEGYPPTINSPKLRTQIEDALIKADLNVYDKPTPFLFGEDFSFYGQQLAPAYFVFIGTRNEDKGFVTGLHTSHLNFDEKVLINVVNFYENLLNNYKEV
Q2FXK2	RecName: Full=Aminotransferase class V domain-containing protein {ECO:0000259|Pfam:PF00266};	MYYHQPLLLTPGPTPVPDAIMREIQAPMVGHRSKDFEDIAQQAFQGLKPIFGSQNDVLILTSSGTSVLEASMLNIVNPEDHFVVIVSGAFGNRFKQIAQTYYKNVHIYDVTWGEAVDVKDFINFLSTLNVEVKAVFSQYCETSTTVLHPIHELGNAINQFNSNIYFVVDGVSCIGAVDVDINKDKIDVLVSGSQKAIMLPPGLAFVAYSHRAKEHFKEVTTPKFYLDLNKYISSQADNSTPFTPNVSLFRGVNAYVETVKAEGFNHVIARHYAIRNALRSALKALDLTLLVNDKDASPTVTAFKPNTNDEVKIIKDELKNRFKITIAGGQGHLKGQILRIGHMGKISPFDILSVVSALEIILTEHRKVNYIGKGISKYMEVIHEAI
Q5JD03	RecName: Full=L-serine kinase SerK {ECO:0000305}; EC=2.7.1.226 {ECO:0000269|PubMed:27857065, ECO:0000269|PubMed:28358477};	MGVEKVPKYDIPTKKVDYVFIELDKMKPHEQLVQKELEAFIESVTGSGIFWKPMLLAKVPGEDMYLIVDGHHRWAGLQKLGAKRAPSVILDYFSDDVKVYTWYPAFKGDLNEVVERLKKEGLEVIEDPEAEEKAERGEIAFALVGEKSFAIPGGLEEQKKVSKVLDEMSVEGKIELIYYGLKEDAREDMAKGEIDYVFIRKAPTKEEVMELVKRGEVYSPKTTRHVLPFNPDKIDVKLEELF
Q5JFV9	SubName: Full=Probable lysine biosynthesis protein {ECO:0000313|EMBL:BAD84468.1};	MVECPVCGSEIEIGEVELHQIVECPVCGAELEVVSLEPLTLEELPEVEEDWGE
Q5JFW0	SubName: Full=RimK-related lysine biosynthesis protein {ECO:0000313|EMBL:BAD84467.1};	MRIGITYTVLRREEMAIKERAGEFGEVVMLHEDDLLFPGNYDLDVVIIRNVSHFKALYTARLFESEGIPTVNSSRLIFEAGDKLFATLRLAGKVPVPEWKAALSEGGALRVPDSLGYPLVSKPVFGSWGRLLAKVNDRDSLEAVLEHRKWMKNPLYGIHYFQEFVEKPGRDIRSYVIGGEFVGAIYRYSNHWITNTARGGKAEPCSDPEVEELSVKAWEAFGEGALAIDIFESEKGLLVNEVNPNMEFKNAARVTGADMAGKLVEYAVEVAKT
Q5JFW1	RecName: Full=Putative [LysW]-L-2-aminoadipate/[LysW]-L-glutamate phosphate reductase {ECO:0000255|HAMAP-Rule:MF_02083}; EC=1.2.1.103 {ECO:0000255|HAMAP-Rule:MF_02083}; EC=1.2.1.106 {ECO:0000255|HAMAP-Rule:MF_02083};	MIKAAVVGASGYIGGELVRLLAMHPEVEITAITSRRFAGQKVHKVHPNLRGLDLRFTNTKEFDADVIFLAVPHGTSMEIIDDYLGSAKIIDMSADFRLREDLYREYYGEHKRPELIEEFVYGLPELHRKEIRKAELVANPGCNATATILALYPFRELTDEAIVDLKVSSSAGGRRENVASIHPERSHVVRVYKPYHHRHEGEVIQETGVKAAFTVHSVDIIRGLLATIYFRFEGSTRELLRKLLVYKDEPFVRLVTDKGGLQRFPDPKYVIGSNFADIGFAHDEENSRAIVLSAIDNLIKGGSGQAVQNMNLMFGLDERTGLNYYPVYPV
Q5JFW2	RecName: Full=Putative [LysW]-aminoadipate/[LysW]-glutamate kinase {ECO:0000256|HAMAP-Rule:MF_02082}; EC=2.7.2.17 {ECO:0000256|HAMAP-Rule:MF_02082}; EC=2.7.2.19 {ECO:0000256|HAMAP-Rule:MF_02082};	MRIVKIGGAALVRFEEVWASDGLSSSLRSPDTVVVHGGSRHVDELSRKLGVKIKRLTSPSGVTFRRTTKEVLDVYLAAMMRANRELVEFLQVRGINAVGVMGIEHELVIGRRKKLVKAVINGKTVAIRDDYSGTVERINVGALMELRKLGLPVIASVAYDPVENVPLNVDGDKVAYHMALATKARELVFVSDSAFMADGSVVERVNLNELPELLGYAKGGMRKKLMMAAKAVESGVERVVIQGLNGRTVIT
Q5JFW3	RecName: Full=Putative [LysW]-aminoadipate semialdehyde/glutamate semialdehyde transaminase {ECO:0000255|HAMAP-Rule:MF_02084}; EC=2.6.1.118 {ECO:0000255|HAMAP-Rule:MF_02084}; EC=2.6.1.124 {ECO:0000255|HAMAP-Rule:MF_02084};	MPLYRKRLRLVRGEGVYVWDEKGRRYLDLIAGIGVNVLGHAHPEWVLDMSRQLEKIVVAGPMFEHDEREEMLEELSHWVDYEYVYMGNSGTEAVEAAIKFARLATGRSEIVAMTNAFHGRTLGSLSATWKKKYREGFGPLVPGFKHIPFNNVEAAKEAITKETAAVIFEPIQGEGGIVPADEEFVKTLRDLTEDVGALLIADEVQSGLRTGKFLAIEHYGVRPDIVTMGKGIGNGFPVSLTLTDLEIPRGKHGSTFGGNPLACRAVATTLRILRRDRLVEKAGEKFMEFSGERVVKTRGRGLMIGIVLRRPAGNYVKALQERGILVNTAGNRVIRLLPPLIIEGDTLEEARKEIEGVLNDIL
Q5JFW4	RecName: Full=Putative [LysW]-lysine/[LysW]-ornithine hydrolase {ECO:0000255|HAMAP-Rule:MF_01120}; EC=3.5.1.130 {ECO:0000255|HAMAP-Rule:MF_01120}; EC=3.5.1.132 {ECO:0000255|HAMAP-Rule:MF_01120};	MISSEEKVEFLRKLVEIYSPTGRESEAVKFIVESFESFGVDAYVDEVGNAIAIREGKGPRILLAGHVDTVPGIIPVRIEDGVLWGRGSVDAKGPLATFFFATLESNANIIFAGLVDEEGFSKGAKNLDVPRPDYIIIGEPSGVDGVTIGYKGSLTAKFVESVEKVHGSLGVDAAERLINRWLEIKSSFGEGFDALSGRIVELHAYERDFDFYGEMVINLRTPPGYNPPKGWEILDFVPAYQVDRRSPLVRAFVRGIRRNGMRPRLKKKTGTADMNILGPRFGVDAVAYGPGDSRLDHTPHERISLSEYLLAIDVLVDVIEELKGAKERAAEESGEREAGKALSG
Q5JGC4	SubName: Full=D-3-phosphoglycerate dehydrogenase {ECO:0000313|EMBL:BAD86155.1};	MKVLVAAPLHEKAIEVLKNAGFEVVYEEYPDEDRLVELVKDVDAIIVRSKPKVTRKVIEAAPKLKVIGRAGVGLDNIDLKAAEERGIKVVNSPGASSRSVAELAIGLIFAVARKIAFADRKMREGVWAKKQCMGIELEGKTIGVVGFGRIGYQVAKIANALGMKVLFYDPYPNEERAKEVGGKFADLETLLKESDVVTLHVPLVDATYHLINEERLKLMKPTAILINAARGAVVDTDALVKALQEGWIAGAGLDVFEEEPLPADHPLTKLDNVVLTPHIGASTVEAQMRAGVEVAEKIVEALKG
Q5KW52_GEOKA	RecName: Full=Histidinol-phosphatase {ECO:0000256|ARBA:ARBA00013085, ECO:0000256|RuleBase:RU366003}; Short=HolPase {ECO:0000256|RuleBase:RU366003}; EC=3.1.3.15 {ECO:0000256|ARBA:ARBA00013085, ECO:0000256|RuleBase:RU366003};	MRDGHIHTPFCPHGSQDPLEAYVERAIELGYTDISFTEHAPLPERFIDPTPNQDCSMKLSQLERYLHAVAEVKARYRNDIAIRVGLEVDFIPGFEEETTRLLDEVGPLLDDSILSVHFLAHEGQYVCLDYSEDMFADIVRLFGSVERVHRAYYETVLQSIRTELGRYKPRRIGHMTLVRKFQRRFPCLEPMDEWIVAILDDIKQFGYELDYNGAGAAKPLCLEPYPPGGVIAEARRRGIPIVYGSDAHRAADLHQGRERMDREALSVDNRPQPS
Q6F6Z7	RecName: Full=DUF1852 domain-containing protein {ECO:0008006|Google:ProtNLM};	MRYKYPHRDKGQITMSQTFEFSIKSIRFDEDYRPSDNTRITTNFANLARGESRQENLRNTLNMINNRFNALADWDNPNGDRYAVELDIISVDIDVEGNGETFPTIEILKTNIIDYKNNQRIEGIVGNNFSSYVRDYDFSVLLLEHNKNQAKFSTPENYGELHGKIFKSFVNSNTFNDNFSKQPVICLSVSTTKTYHRTTNQHPVLGVEYQQDAYSLTDEYFAKMGLKVRYFMPKNSVAPLAFYFRGDLLSDYTDLELIGTISTMETFQKIYRPEIYNANSVAGQIYQPSLKHQDFSLTRIVYDREERSQLAIKQGKWTEEHFMKPYQSILERWAANYVDTSFSDKKYSEKNCAAV
Q6F6Z8	SubName: Full=5-methyltetrahydropteroyltriglutamate-homocysteine methyltransferase {ECO:0000313|EMBL:CAG70167.1}; EC=2.1.1.14 {ECO:0000313|EMBL:CAG70167.1};	MIMKRVLPTSTAGSLPKPSWIAEPEKLWSPWKLEGADLAQGKRDALLVSLQEQLHAGIDIVSDGEQTRQHFVTTFIEHLDGVDFAKRETVRIRNRYDASVPTVVGAVSRQKPVFVEDAKFLRQQTTQPIKWALPGPMTMIDTLYDAHYKSREKLAWEFAKILNQEALELEAAGVDIIQFDEPAFNVFFDEVNDWGVATLERALEGLKCETAVHICYGYGIKANTDWKKTLGSEWRQYEEAFPKLQQSKIDIISLECHNSRVPMDLIELIRGKKVMVGAIDVATNTIETPEEVADTLRKALQFVDADKLYPSTNCGMTPLSRDVARGKLQALSAGAEIIRRELSA
Q6LWW6	RecName: Full=D-3-phosphoglycerate dehydrogenase {ECO:0000256|RuleBase:RU363003}; EC=1.1.1.95 {ECO:0000256|RuleBase:RU363003};	MSKILITDPLHESAVEILKQAGEVEVATGLTVEELKLKIKDVDALVIRSGTTATREIIEASENLKVIARAGVGVDNVDLDAATEKGIVVVNAPDASSISVAELLFGMMLAAARNIPQATASIKSGKWDRKSFKGMEIYGKTLGIVGLGRIGQQVAKRAQAFGMTIVAYDPYIPEDVASELGIKLLTVDELCTVSDFITLHVPLTPKTKHMIGKEQIALMKSNMVIMNCARGGLIDEAALYDALNSGKIKAAALDVFEQEPPKESPLLTLNNLIGTPHQGASTEEAQLSAGTIVAEQTVKILKGESAENVVNLPMVPTEKMKKLKPYMVLAEKMGSMAIQYLDNSIELLEITYMGGLAKEKTEILKRSFLKGILAPILLAGVNLVNAPVIAKSRNIKIAEGTMSESDYGNSIKISAKGENDEISIIGSIEHNEVVFREINGYRMDIKPEGTICIIKHIDRPGMVGKVGVLLGEHGINIAGMQVGRREPGGHSIMFLDIDHMISDEVLDEIRKMENVRAAKSINI
Q6LXC5	RecName: Full=UPF0210 protein MMP1427 {ECO:0000255|HAMAP-Rule:MF_01221};	MFVPEEIIETIKMIEYQNLDIRTTTLGINLKDCADKDLDLLKENIYDKITSLGGNLVETANKVSQKYGIPIVNKRISVTPIGLIMGSTVKGLSDEEAVDACVEVGITLDKIAKEVGVDFIGGYSALVQKRATYEEKMLIRSIPKLMTKTDKVCASVNVATTKAGINMYAVKKMGEIVKETSEITKDAIGCAKIVVFCNAPEDNPFMAGAFHGPGEGDAVINAGVSGPGVVRAVVEQLKGKDIGTVSDEIKKTAFKITRMGELVGKEVANELGVNFGIVDLSLAPTPAIGDSIANILEAVGLERCGTHGTTAALAMLNDAVKKGGAMASSNVGGLSGAFIPVSEDAGMIEAVEVGALRLEKLEAMTCVCSVGLDMIAVPGKTPASTLSAIMADEMAIGMINKKTTAVRIIPVPGKDVGDYVEYGGLLGTAPIMPVSEFSSEELIERGGRIPAPIQSLTN
Q6LXX7	RecName: Full=LOR/SDH bifunctional enzyme conserved domain-containing protein {ECO:0000259|Pfam:PF04455};	MFMREIELKGHIIDSFILAKVFDRTLELGGDYKVLEFDIGKKKIDTSYAKLLISGDTQQHLDQILEELQNVGANIPEIENANLKPALKDSVLPDGFYSTTNHPTHVKVNDEWIEVANPKMDAVIVVYPEEKRAETKVIRKVKKGDFVLIGHNGIRVMPPEKSREAGQLFEFMNSEVSSEKPKEAIIKRIAKEMHEIREEYKKTGTGGIAIVGGPAIIHTGGGPALAKMVELGYIQAILAGNALATHDIESALYGTSLGVNIKTAKPVTGGHKHHIYAINAINDAGNIKNAVESGVLKEGIMYQCIKNNIPYVLAGSIRDDGPIPDVITDSMVAQDKMRTTVMDKKMVIMLSTLLHSVATGNLMPSYIKTVCVDIQPSTVTKLMDRGTSQAIGVVTDVGVFLVLLLKELERLELQE
Q6LZH1	RecName: Full=UPF0237 protein MMP0657 {ECO:0000255|HAMAP-Rule:MF_01054};	MENVVITVVGVDKPGIVAEVTKVLAQNSANIVDIRQTIMEDLFTMIMLVDISKISSDFSELNVALEKLGSEIGVKINVQHENIFKYMHRI
Q72BP9_DESVH	RecName: Full=Methionine synthase {ECO:0000256|ARBA:ARBA00013998}; EC=2.1.1.13 {ECO:0000256|ARBA:ARBA00012032}; AltName: Full=5-methyltetrahydrofolate--homocysteine methyltransferase {ECO:0000256|ARBA:ARBA00031040};	MPDFRQALRAGRRLLFDGGLGTMLQARGLPAGVSPEQFCLDRPDVLRGIHADYVRAGADILTTNTFGGSRFKLGDGFDVVDFNRRMAAIAREAADASGRQAFVAGSIGPTGHFVKPLGEVEPAALVAAFREQVRGLVAGGADLLMIETQFDLAEARAAVVAARAECSLPIAVSMTFENGVSLTGSTPEVFVATMLNLGVDLLGTNCSAGPDQMHDVVASLLASASVPVLVEPNAGLPELIDGKTVFRLPPAPFAEKTAAFAAMGARVLGGCCGTTPDHIAALRQAVADIPATLPVDSGVGIVLTTRSHLVRVGGDAPVRIIGERINPTGKKQLIAELQAGDFSLALRFSDEQVEAGAPILDVNVGAPMVDEEVLLPDLVQRLITRHGVPLSIDSSNAAAIERALPYCPGSTLVNSISGEPGRMERLGPLCRDHGAPFILLPLKGRKLPVAATERIAIIEELLVQAEGLGIPRRLVMVDVLALAVSSKAEAARQCLETIRWCTANGFATTIGLSNISFGLPARELLNGTFLAMAAGAGLSSCIAHPGNGRIRETVACADVLLARDANAERFIDAYAAWTPATQGGPVASGPGLASQPPATTLEEAVVKGDRDGVTAIVESELAAGADPFDLVQTKLIPAINEVGVKYERREYFLPQLIRSAETMQTAFRRLQPLLEEMRGAEVRPVIIMATVEGDIHDIGKNIVSLMLGNHGFEVVDLGKDVKAETIVDAAETHGARIIGLSALMTTTMVRMEDTVKLVRARGLDVKVIVGGAVVTKAFADAIGADGYSADAVEAVRLAKSLLAG
Q72CU7_DESVH	SubName: Full=MazG family protein {ECO:0000313|EMBL:AAS95664.1};	MTKDNASLARLTDVIDRLLAPEGCPWDKEQTPESLCDYLVEECFELVEAIRSGNADEVREEMGDVMFLLAFLGRLYADKGAFTLDDAMANNAAKMIRRHPHVFSDTTYADRDEFLRNWESIKRAEKADAEGEPQGVYDSLPASLPPLLKAYRIHSKAARVGFTWPEDEDVERQVEAEWLELLDVLAGDDKAAQENELGDLIFSLVELGRRKGIKANTALDMTNLKFLRRFRRMEALARERGLDFPALSLDDKDELWNEAKAAEAAAR
Q72EB6_DESVH	RecName: Full=serine O-acetyltransferase {ECO:0000256|ARBA:ARBA00013266}; EC=2.3.1.30 {ECO:0000256|ARBA:ARBA00013266};	MKKLDASTAVSLTGMPELERIVESLCTPESYEAVYHQSLHGSPMPSLEALTELMARLRAALFPGYFGASNIVLESMRYHLAANLDSIYRILAEQVRRGGCFACADYATDCQNCESHSQETAMEFMRALPRIRQLLATDVKAAYEGDPAAKSPGETIFCYPSIYAMIHHRIAHELYRLDVPVIPRIISEMAHSRTGIDIHPGATVGEEFFIDHGTGVVIGETCIIGRGCRLYQGVTLGALSFPKDGGGALIKGIPRHPILQDGVTVYAGATILGRVTIGAGAIVGGNVWVTHDVAPGAKVVQQKSSPPAAEDRMVGTKNGTPKA
Q72EV2_DESVH	SubName: Full=Anthranilate synthase, glutamine amidotransferase component {ECO:0000313|EMBL:AAS94949.1}; EC=4.1.3.27 {ECO:0000313|EMBL:AAS94949.1};	MFLLIDNYDSFTFNLVQAFYGLGLAPVVVRNDDPALVACATRPDLDMVCISPGPSHPRNAGGCLAFLDVLPRTVPVLGVCLGHQVLGLYAGATVEVGPRIMHGKTSDITHDGAGLFAGLPQPMTVGRYHSLIVRAEEKPDLLEVTARTPEGEVMAMRYRDRPWVGVQFHPESVLTPDGVRLLGNFPAMTGGSCPRMTPHGATVRQEVTA
Q72EV3_DESVH	SubName: Full=Anthranilate synthase, component I {ECO:0000313|EMBL:AAS94948.1};	MEMDDAKRPAGAKRRTGGEEDAGRVAGHATTQDNAHAMPSTQAGTQAGGAGAHADANPAGCPDGRIVLRQSCSLLEGDVDTPISLFLGMVGSGQGILLESAEVDGRWGRYSIIGFNFLLRLGCAAGRLEVAVRDPRLAALKELEGMPFIEGVRAVMRRLTIEPDPDFANQPPITRALYGYMGYGVAGLLEPKLAPVLRAEAAEACLALPGTVVVFDHLYNRLTMLSLTDRNGLRIDRSVLDRAPQTPEVGPTRAVPDESAYKRAVERTREMIRQGEAIQVVLSTRFQASFNGDPFTLYRRLRRINPSPYMFFMRLPGVSLLGSSPEVMVRCSKGRLQVSPIAGTRPRGVDDVEDARLAAELLDDPKERAEHVMLVDLGRNDLGRIAAPGTVQVERFMEVEKFSHVMHLTSRVTADLAEGHDALDVLTATFPAGTVSGAPKVRAMEIIAEAEGQPRGPYAGCIGWFGLDRDSVSLDTGITIRSMWVREGQVHWQAGAGIVFDSKPAAEWKECCNKAAAMRAALDGGCHVPAHR
Q72EV4_DESVH	SubName: Full=Prephenate dehydrogenase {ECO:0000313|EMBL:AAS94947.1}; EC=1.3.1.12 {ECO:0000313|EMBL:AAS94947.1};	MKIALVGDKGRMGRLLTSRFSAAGCEVAGVDRPLTPDTVRPAVQGADVVILCVPVEVLAEVLSIVAPLLSPKQVLADITSVKVRPMEVMQAFHAGPVVGTHPLFGPDPQDDHLPVAVTPGSSARDADVTLVEQCFRMIGCDTFRTTAQEHDRAAAMIQGLNFISSVAYLATLAHNEELLPFVTPSFRRRLDAARKMLTEDAALFEGMFEANPASQDAVRSFRSFLNIASAGDVDVLVDRARWWWRTHDDRGGARQ
Q72EV5_DESVH	RecName: Full=3-phosphoshikimate 1-carboxyvinyltransferase {ECO:0000256|HAMAP-Rule:MF_00210}; EC=2.5.1.19 {ECO:0000256|HAMAP-Rule:MF_00210}; AltName: Full=5-enolpyruvylshikimate-3-phosphate synthase {ECO:0000256|HAMAP-Rule:MF_00210}; Short=EPSP synthase {ECO:0000256|HAMAP-Rule:MF_00210}; Short=EPSPS {ECO:0000256|HAMAP-Rule:MF_00210};	MEPVVVTAPPSKSLSHRALIGAALAAGESTVEHVLESRDLTCTADILRAAGAHIERRAPGSYLVRGVAGTPAGGFEAPVSCDVHESGTTCRLLTAVLAAGMGRFRIHGAPRMHERPIGELTDALASLGVQIAFEARAGFPPLVIDAAGMRGGEVSIGMDESSQYLSGLLLAAPLTQGMTVNVAGKSVVSWPYVGLTLQTLEDFGIDFTVETRDAVDAPWGAVDWRSLHEAVPGLVRFRVRPGMYRAGSYRVEGDWSGASYFLAAGAVGPRPVRVEGLRVDSLQGDRALLDILTAMGADIRPGEGHVVVHPAPLHGVEVDMGHCPDLVPTVAAVAAFATGRTVVRNVAHLRIKESDRIAAPVGELRRAGVNAEERADGLVVQGGALATEPGTLFSAHGDHRMAMSLALLGLGGVDVRLDDPSCVSKSFPHFWELWEKVRA
Q73B87_BACC1	RecName: Full=Histidinol-phosphatase {ECO:0000256|ARBA:ARBA00013085, ECO:0000256|RuleBase:RU366003}; Short=HolPase {ECO:0000256|RuleBase:RU366003}; EC=3.1.3.15 {ECO:0000256|ARBA:ARBA00013085, ECO:0000256|RuleBase:RU366003};	MKVDYHIHLEEGPYSIGWLAKINESLQHYEPLKEEKHSMEWLVKIQERLQRRVNEGPFTTKWIDLYLEEALRKGIKEVGIVDHLYRFYEAKEYYEKYVDISDSGLGRLQKEWLDQVRVASLHDFTKAIEEAKERWSKRGVTLKLGIEADYFIGGEQQLQSLLALGDFDYVIGSVHFLNGWGFDNPDTKEYFKEHDLYALYDTFFKTVECAVRSELFDIIAHLDNIKVFNYRLDENEQISYYKKIARALVETNTATEINAGLYYRYPVREMCPSPLYLQVLAKHEVPITLSSDAHYPNDLGKYVEENIKTLRNHDIAHLATFTKRVRTMRLLEEVTISK
Q845W4	RecName: Full=3-isopropylmalate dehydratase small subunit {ECO:0000256|HAMAP-Rule:MF_01031}; EC=4.2.1.33 {ECO:0000256|HAMAP-Rule:MF_01031}; AltName: Full=Alpha-IPM isomerase {ECO:0000256|HAMAP-Rule:MF_01031}; Short=IPMI {ECO:0000256|HAMAP-Rule:MF_01031}; AltName: Full=Isopropylmalate isomerase {ECO:0000256|HAMAP-Rule:MF_01031};	MEKFTVHTGVVAPLDRENVDTDAIIPKQFLKSIKRTGFGPNAFDEWRYLDHGEPGQDNSKRPLNPDFVLNQPRYQGASILVTRKNFGCGSSREHAPWALQQYGFRAIIAPSFADIFFNNCFKNGLLPIVLTEQQVDHLINETVAFNGYQLTIDLEAQVVRTPDGRDYPFEITAFRKYCLLNGFDDIGLTLRHADKIRQFEAERLAKQPWLNNKLVG
Q8A006_BACTN	SubName: Full=Shikimate 5-dehydrogenase {ECO:0000313|EMBL:AAO79320.1};	MEKYGLIGYPLRHSFSIGYFNEKFRSEGINAEYVNFEIPNINDFMEVIEENPNLCGLNVTIPYKEQVIPFLNELDRDTAKIGAVNVIKIIRQPKGKVKLVGYNSDIIGFTQSIQPLLQPQHKKALILGTGGASKAVYHGLKNLGIESVFVSRTHKTDDMLTYEELTPEIMEEYTVIVNCTPVGMYPKVDFCPNIPYELLTPNHLLYDLLYNPNVTLFMKKGEAQGAVTKNGLEMLLLQAFAAWEIWHR
Q8A0T5_BACTN	RecName: Full=prephenate dehydratase {ECO:0000256|ARBA:ARBA00013147}; EC=4.2.1.51 {ECO:0000256|ARBA:ARBA00013147};	MKKIAIQGTLGSYHDIAAHKYFEGEEIELICCANFEDVFTSIRKDSQVIGMLAIENTIAGSLLHNNELLRQSGTQIIGEYKLRISHSFVCLPEESWEDLTEVNSHPIALMQCRDFLNQHPQLKVVEGEDTARSAEIIKKENLKGHAAICSKTAAERYGMKVLQEGIETNKHNFTRFLVVADPWQVDELRQHHAKATNKASMVFTLPHTEGSLSQVLSILSFYNINLTKIQSLPIIGREWEYQFYVDVSFNDYLRYKQSIAAITPLTKELKILGEYAEGKSNV
Q8A0T8_BACTN	SubName: Full=Chorismate mutase/prephenate dehydratase (TyrA) {ECO:0000313|EMBL:AAO79038.1};	MRILILGAGKMGSFFTDILSFQHETAVFDVNPHQLRFVYNTYRFTTLEEIKEFEPELVINAVTVKYTLDAFRKVLPVLPKDCIISDIASVKTGLKKFYEESGFRYVSSHPMFGPTFASLSNLSSENAIIISEGDHLGKIFFKDLYQTLRLNIFEYTFDEHDETVAYSLSIPFVSTFVFAAVMKHQEAPGTTFKKHMAIAKGLLSEDDYLLQEILFNPRTPGQVANIRTELKNLLEIIEKKDAEGMKAYLTKIREKIK
Q8A1A5_BACTN	RecName: Full=GNAT family N-acetyltransferase {ECO:0008006|Google:ProtNLM};	MDTQQIDVMVADASHEVYVDTILETIRNAAAVRGTGIAERTHEYVATKMKEGKAIIALCGDTFAGFTYIESWGNKQYVATSGLIVHPDFRGLGLAKRIKQASFQLARLRWPKAKIFSLTSGAAVMKMNTELGYVPVTFNELTDDEAFWKGCEGCTNHDILAAKNRKFCICTAMLYDPTDPRNIKKEQERNNI
Q8A1A6_BACTN	RecName: Full=argininosuccinate synthase {ECO:0000256|ARBA:ARBA00012286}; EC=6.3.4.5 {ECO:0000256|ARBA:ARBA00012286}; AltName: Full=Citrulline--aspartate ligase {ECO:0000256|ARBA:ARBA00029916};	MEEKKKKVVVAFSGGLDTSFTVMYLAKEKGYEVYAACANTGGFSEEQLKTNEENAYKLGAVKYVTLDVTQEYYEKSLKYMVFGNVLRNGTYPISVSSERIFQALAIARYANEIGADAIAHGSTGAGNDQIRFDMTFLVLAPNVEIITLTRDMALSRQEEIDYLNKHGFSADFTKLKYSYNVGLWGTSICGGEILDSAQGLPETAYLKHVEKEGSEQLRLTFEKGELKAVNDETFDDPIQAIQKVEEIGAAYGIGRDMHVGDTIIGIKGRVGFEAAAPMLIIGAHRFLEKYTLSKWQQYWKDQVANWYGMFLHESQYLEPVMRDIEAMLQESQRNVNGTAILELRPLSFSTVGVESEDDLVKTKFGEYGEMQKGWTAEDAKGFIKVTSTPLRVYYNNHKDEEI
Q8A1A8	SubName: Full=Acetylornithine aminotransferase {ECO:0000313|EMBL:AAO78863.1};	MKLFDVYPLYDINIVKGQGCKVWDENGTEYLDLYGGHAVISIGHAHPHYVEMISNQVATLGFYSNSVINKLQQQVAERLGKISGYEDYSLFLINSGAEANENALKLASFYNGRTKVISFSKAFHGRTSLAVEATNNPTIIAPINNNGHVTYLPLNDIEAMKQELAKGDVCAVIIEGIQGVGGIKIPTTEFMQELRKVCTETGTILILDEIQSGYGRSGKFFAHQYNHIQPDIITVAKGIGNGFPMAGVLISPMFKPVYGQLGTTFGGNHLACSAALAVMDVIEQDNLVENAKAVGDYLLEELKKFPQIKEVRGRGLMIGLEFEEPIKELRSRLIYDEHVFTGASGTNVLRLLPPLCLSMEEADEFLARFKRVL
Q8A1V9	SubName: Full=Acetylornithine deacetylase {ECO:0000313|EMBL:AAO78655.1};	MKYDIPTMTAEAVSLLKSLISIPSISREETQAADFLQNYIEAEGMQTGRKGNNVWCLSPMFDLKKPTILLNSHIDTVKPVNGWRKDPFTPREENGKLYGLGSNDAGASVVSLLQVFLQLCRTSQNYNLIYLASCEEEVSGKEGIESVLPGLPPVSFAIVGEPTEMQPAIAEKGLMVLDVTATGKAGHAARDEGDNAIYKVLNDIAWFRDYRFEKESPLLGPVKMSVTVINAGTQHNVVPDKCTFVVDIRSNELYSNEDLFAEIRKHIACDAKARSFRLNSSRIDEKHPFVQKAVKMGRIPFGSPTLSDQALMSFASVKIGPGRSSRSHTAEEYIMLKEIEEAIGIYLDLLDGLKL
Q8A541_BACTN	SubName: Full=Aspartokinase/homoserine dehydrogenase {ECO:0000313|EMBL:AAO77510.1};	MKVMKFGGTSVGSVNSILSVKRIVESAGEPVIVVVSALGGITDKLINTSKMAAAGDSAYEGEFREIVYRHVEMIKEVIPAGAGQVALQRQIGELLNELKDIFQGIYLIRDLSPKTSDTIVSYGERLSSIIVAELIDEAKWFDSRTFIKTEKKHNKHTIDADLTNQLVKEAFHSIPKVSLVPGFISSDKVSGDVTNLGRGGSDYTAAIIAAALDASSLEIWTDVDGFMTADPRVISTAYTISELSYVEATELCNFGAKVVYPPTIYPVCHKNIPIIIKNTFNPDGVGTVIKQETSNPQSKAIKGISSINDTSLITVQGLGMVGVIGVNYRIFKALAKNGISVFLVSQASSENSTSIGVRNADADLACEVLNEEFAKEIEMGEISPILAERNLATVAIVGENMKHTPGIAGKLFGTLGRNGINVIACAQGASETNISFVVDSKSLRKSLNVIHDSFFLSEYQVLNLFICGIGTVGGSLVEQIRCQQQKLMMENGLKLHVVGIIDAAKAMFSREGFDLANFREELQKKGKDSNLQTIRDEIVGMNIFNSVFVDCTASPDIASLYKDLLQHNVSVVAANKIAASSAYENYRELKTIARQRGVKYLFETNVGAGLPIINTINDLIHSGDKILKIEAVLSGTLNYIFNKISADIPFSRTIKMAQEERYSEPDPRIDLSGKDVIRKLVILAREAGYHIEQEDVEKNLFVPNDFFEGSLDDFWKRVPSLDADFEARRQVLEKEHKHWRFVAKLEDGKASVGLQEVGANHPFYGLEGSNNIILLTTERYKEYPMMIQGYGAGAGVTAAGVFADIMSIANV
Q8AAD3_BACTN	SubName: Full=Anthranilate synthase component I {ECO:0000313|EMBL:AAO75639.1};	MKTFSYTAHSKQVLGDMHTPVSIYLKVRDMYPQSALMESSDYHAGENSLSFIALCPLASIGVNSGIVTASYPDKSRKEEPLTQSFTVEKAMNQFISQFQVTGENKNVCGLYGYTTFNAVKYFEHIPVKESHDEQNDAPDLLYILYKYIIVFNHFKNELTLVEMLGEGEESGLPELEAAIENRNYASYNFSVTGPVSSPISDEEHKANVRKGIAHCMRGDVFQIVLSRRFIQPYAGDDFKVYRALRSINPSPYLFYFDFGGYRIFGSSPETHCKIEDGRAYIDPIAGTTRRTGDTVKDRELAEALLADPKENAEHVMLVDLARNDLSRNCHDVRVLFYKEPQYYSHVIHLVSRVSGQLNEGADKIKTFIDTFPAGTLSGAPKVRAMQLISEIEPHNRGAYGGCIGFIGLNGELNQAITIRTFVSRNNELWFQAGGGIVARSQDEYELQEVNNKLGALKKAIDLAVNLKN
Q8AAD4_BACTN	SubName: Full=Anthranilate synthase component II {ECO:0000313|EMBL:AAO75638.1};	MKILLLDNYDSFTYNLLHAVKELGATDVEVVRNDQINLDEVERFDKIILSPGPGIPEEAGLLLPIIKRYAPTKSILGVCLGHQAIGEAFGARLENLKEVYHGVQTPISILQKDVLFEGLGKEIPVGRYHSWVVSREGFPECLEITAESQEGQIMALRHKTYDVHGIQFHPESVLTPQGKEIIKNFLNE
Q8AAD7_BACTN	RecName: Full=N-(5'-phosphoribosyl)anthranilate isomerase {ECO:0000256|ARBA:ARBA00022272, ECO:0000256|HAMAP-Rule:MF_00135}; Short=PRAI {ECO:0000256|HAMAP-Rule:MF_00135}; EC=5.3.1.24 {ECO:0000256|ARBA:ARBA00012572, ECO:0000256|HAMAP-Rule:MF_00135};	MINGKIIKVCGMREAQNIRDVESLQRVDMMGFIFYPKSPRYIYELPAYLPVHARRVGVFVNEDKDVITMYADRFGLEYIQLHGKESPEYCQSLRTSGLKIIKAFSVARPKDLNHVSEYEKTCNLFLFDTKCEQYGGSGNQFDWNILHTYNGQVPFLLSGGINSHSANALKAFDHPRLAGYDLNSRFELKPGEKDPERIRIFLNELKS
Q8DRD2	RecName: Full=UPF0210 protein spr0218 {ECO:0000255|HAMAP-Rule:MF_01221};	MDIRQVTETIAMIEEQNFDIRTITMGISLLDCIDPNINRAAEKIYQKITTKAANLVAVGDEIAAELGIPIVNKRVSVTPISLIGAATDATDYVVLAKALDKAAKEIGVDFIGGFSALVQKGYQKGDEILINSIPRALAETDKVCSSVNIGSTKSGINMTAVADMGRIIKETANLSDMGVAKLVVFANAVEDNPFMAGAFHGVGEADVIINVGVSGPGVVKRALEKVRGQSFDVVAETVKKTAFKITRIGQLVGQMASERLGVEFGIVDLSLAPTPAVGDSVARVLEEMGLETVGTHGTTAALALLNDQVKKGGVMACNQVGGLSGAFIPVSEDEGMIAAVQNGSLNLEKLEAMTAICSVGLDMIAIPEDTPAETIAAMIADEAAIGVINMKTTAVRIIPKGREGDMIEFGGLLGTAPVMKVNGASSVDFISRGGQIPAPIHSFKN
Q8DT80_STRMU	RecName: Full=Histidinol-phosphatase {ECO:0000256|RuleBase:RU366003}; Short=HolPase {ECO:0000256|RuleBase:RU366003}; EC=3.1.3.15 {ECO:0000256|RuleBase:RU366003};	MRDNHLHTHFSYDSDASFEDYLTHYDGEIVTTEHYDLSNPYTQQDDVPDYEAYSKEIAELNAKYGNRIKRGIEIGYYQPREADILSFLADKDYDLKLLSVHHNGVNDYLDDEVADMDKETIIQEYLDKLEYAIGRVEADVLAHFDYGFRLFDLTVDELKTHEAQLRRIFHKMIDHNLAFELNSKSMYLYGHEHLYRYALSLVKNLGCHKYTIGSDGHKLEHFRLAFDKIQDILDEYGIEEGEII
Q8F3Q1	RecName: Full=(R)-citramalate synthase CimA {ECO:0000305}; EC=2.3.3.21 {ECO:0000269|PubMed:15292141, ECO:0000269|PubMed:18498255, ECO:0000269|PubMed:19351325}; AltName: Full=LiCMS {ECO:0000303|PubMed:18498255};	MTKVETRLEILDVTLRDGEQTRGVSFSTSEKLNIAKFLLQKLNVDRVEIASARVSKGELETVQKIMEWAATEQLTERIEILGFVDGNKTVDWIKDSGAKVLNLLTKGSLHHLEKQLGKTPKEFFTDVSFVIEYAIKSGLKINVYLEDWSNGFRNSPDYVKSLVEHLSKEHIERIFLPDTLGVLSPEETFQGVDSLIQKYPDIHFEFHGHNDYDLSVANSLQAIRAGVKGLHASINGLGERAGNTPLEALVTTIHDKSNSKTNINEIAITEASRLVEVFSGKRISANRPIVGEDVFTQTAGVHADGDKKGNLYANPILPERFGRKRSYALGKLAGKASISENVKQLGMVLSEVVLQKVLERVIELGDQNKLVTPEDLPFIIADVSGRTGEKVLTIKSCNIHSGIGIRPHAQIELEYQGKIHKEISEGDGGYDAFMNALTKITNRLGISIPKLIDYEVRIPPGGKTDALVETRITWNKSLDLEEDQTFKTMGVHPDQTVAAVHATEKMLNQILQPWQI
Q8G509	RecName: Full=UPF0237 protein BL1209.1 {ECO:0000255|HAMAP-Rule:MF_01054};	MNKAIITVVGQDTVGIIARVCTYLSQHNVNVLDISQTIIDGYFNMMMIVDYANADKDFGAMVGNLEDLGDDIGVRIRCQREEIFTKMHRI
Q8G510	RecName: Full=UPF0210 protein BL1209 {ECO:0000255|HAMAP-Rule:MF_01221};	MLNIMEVHETNQMIEQEKLDVRTITMGISLLDCASDDVDKTCDNIYRKITTYAKDLVSTGKAIERDYGIPIVNKRITVTPISLVGASSCKTSEDFVKIAHALDKAAKEVGVDLIGGYSALVSKSMTPAEELLIRSLPQALSETDIVCSSVNVGSTKTGIDMNAVELLGHIIKDVAERTADNDSYGCVKFVAFCNVPDDNPFMAGGFHGVTEGDAVINVGVSGPGVVSRALDAAKGKDFEFLCETIKRTAFKITRVGQLVAQEASRRLGIPFGIIDLSLAPTPAVGDSVGEVLEKIGLEQVGAPGTTAALAMLNDQVKKGGIMASSYVGGLSGAFIPVSEDKNMIDAASSDCLTIEKLEAMTCVCSVGLDMIAIPGDTSASTISGLIADEAAIGMVNQKTTAVRVIPVAGKGVGEMANFGGLMGYAPIMPVNQTSCEAFVTRGGRIPAPIHSFKN
Q8PX04	RecName: Full=2,3-bisphosphoglycerate-independent phosphoglycerate mutase; Short=BPG-independent PGAM; Short=Phosphoglyceromutase; Short=aPGAM; EC=5.4.2.12;	MKYAILIGDGMADYPIEKLGNRTILQAARTPAMDSIAARGRAGLAKTVPDSFPPGSDVANMSILGYDPATYYSGRAPLEAASMGVALAADDVAFRCNLITTEHGMIKDYSAGHISSDEAEILIDTLDYELSTENIRFYPGISYRHLIVAGNNLGAETECTPPHDITGEKIDKYLPRGKDGEFFSELIEASKVVLELHPVNLKRVEEGKNPANSIWVWGQGYAPKFTAFMKLYGKKGAVISAVDLLKGIGIYAGLDVIEVHGATGYLDTNYEGKVRAAIEALKTRDLVFVHVEAPDEAGHEGSIEKKLKAVEDFDSRIVAPILEYAENSDEPFTILVLPDHPTPISVKTHTRDPIPFAIYRTDKPETDNVEAFDEESVKNGSMGLVKASDLIGILIKS
Q8TPT3	RecName: Full=L-aspartate semialdehyde sulfurtransferase iron-sulfur subunit {ECO:0000305};	MSMKIKICIPTERIQNPIISETIVETGILLNIMVANIDSTYGELIADVKDSRFARIKKALESRGAIVAILDRPIHRDEEECVECGACISVCPMNVYSFDETWSLCVDEKKCIQCGMCIKMCPHGALKLGE
Q8TPT4	RecName: Full=L-aspartate semialdehyde sulfurtransferase {ECO:0000305}; EC=2.8.1.16 {ECO:0000305|PubMed:25938369};	MVEKSVHEINKKIEDGSVNVVTAEEMVGIVENLGVEGAAREVDVVTTGTFGAMCSSGLMLNLGHSEPPIKIQKLWFNNVEAYSGLAAVDAYLGAAQISDTRGIQYGGAHVIEDLLRGKELDVHATSYGTDCYPRKVLDTRITLDDLNEAVLLNPRNAYQKYAAATNSSKRILNTYMGELLPNFGNVTYSGAGVLSPLSNDPDYETIGMGTRIFMGGAQGYIIGNGTQHSPSSSFGTLMLKGNLKEMSSDYLRAASFAGYGTTLYMGIGIPIPILNEKIAASTAVRDEDIFTDILDYAVGSRDKPVIKQVNYAELRSGSIELEGKNTPTSSLSSFKNARKIANELKEWVKHGKFFVSMPVEKLSREGSAKSMKQTQAVPLVKDVMADFIVTIKKNQTVQDAAKKIWENSFNHLAVVSDTGELVGILTAWDISKAVAENIFDSVESVMTKKVLTCAPNEPVDLAARRLDRYGVSAMPVIDTQRKVLGIITSDNISKLLARRY
Q8TUL3_METAC	RecName: Full=5-methyltetrahydropteroyltriglutamate--homocysteine methyltransferase {ECO:0008006|Google:ProtNLM};	MQDITFIDGGSLPTPEGLTREWVKAAAENRDEDEKFFSLVRETFQKKINVGVHVPTYPQFRDMIGQFLDIIKDEKNCYEPYVVKEEYAKILELEIIDEVAKQHREETGETLEVRVCVAGPTDLYLQAFGATPFADAYHIMALDIENFIRQAFKAAKNFKIRVIALDEPSLGMNDRIQFSDSDIVSALTMASTHARKQGADVEIHLHSPLKYKLVCETPINVLGFEYAATPSYIDLLDKKILEDSNTYIRLGVSRTDISSLIGMVNETYEVNAWKERKYMQKIVTDLETPDLVKKRLETAFSILGDRIKYASPDCGLAFWPDQELAFRLLENTAKGINAFNAEMKNKE
Q92MG1	SubName: Full=Cyclohexadienyl dehydrogenase and ADH prephenate dehydrogenase {ECO:0000313|EMBL:CAC47240.1};	MAQQFQTIALIGIGLIGSSIARDIREKQLAGTIVVTTRSEATLKRAGELGLGDRYTLSAAEAVEGADLVVVSVPVGASGAVAAEIAAHLKPGAIVTDVGSTKGSVIAQMAPHLPKDVHFVPGHPIAGTEHSGPDAGFAGLFRGRWCILTPPAGTDEEAVARLRLFWETLGSMVDEMDPKHHDKVLAIVSHLPHIIAYNIVGTADDLETVTESEVIKYSASGFRDFTRLAASDPTMWRDVCLHNKDAILEMLARFSEDLASLQRAIRWGDGDKLFDLFTRTRAIRRSIVQAGQDTAMPDFGRHAMDQK
Q9HU41	RecName: Full=Imidazoleglycerol-phosphate dehydratase {ECO:0000255|HAMAP-Rule:MF_00076}; Short=IGPD {ECO:0000255|HAMAP-Rule:MF_00076}; EC=4.2.1.19 {ECO:0000255|HAMAP-Rule:MF_00076};	MAERKASVARDTLETQIKVSIDLDGTGKARFDTGVPFLDHMMDQIARHGLIDLDIECKGDLHIDDHHTVEDIGITLGQAFAKAIGDKKGIRRYGHAYVPLDEALSRVVIDFSGRPGLQMHVPFTRASVGGFDVDLFMEFFQGFVNHAQVTLHIDNLRGHNTHHQIETVFKAFGRALRMAIELDERMAGQMPSTKGCL
Q9K8N3	SubName: Full=BH2972 protein {ECO:0000313|EMBL:BAB06691.1};	MNPVLKSSKLVIFDLDGTLYEGTDHFDYYANHLKQNVPQSQQLDFWRDYTAMKDGHHPVQIGKGYDVKRDYILTIDPMTISVQSVQTWDGSYVPAEEWETLYSDPVSFDFETIIAVGDGWWYPFVTAKHYGVEDCYASYVATKEYMVTDEFELTPLPGLREGLIELKATKEIVLVTNSDREDVQRLLHELHLHDVFNHIITSAKKPTRTTDIFKEVVHQYEVDMSQVVSVGDNFMNEIAQALTLGMQGIYIHPQRASEVAHDHLTVIRSVVELFKN
SYDND_DESVH	RecName: Full=Aspartate--tRNA(Asp/Asn) ligase {ECO:0000255|HAMAP-Rule:MF_00044}; EC=6.1.1.23 {ECO:0000255|HAMAP-Rule:MF_00044}; AltName: Full=Aspartyl-tRNA synthetase {ECO:0000255|HAMAP-Rule:MF_00044}; Short=AspRS {ECO:0000255|HAMAP-Rule:MF_00044}; AltName: Full=Non-discriminating aspartyl-tRNA synthetase {ECO:0000255|HAMAP-Rule:MF_00044}; Short=ND-AspRS {ECO:0000255|HAMAP-Rule:MF_00044};	MSDQIADIQLEHQQYVAPLGDWQRTHSCCELTAADVGNDVCIMGWVQYRRDHGGLIFVDLRDRKGLTQVVFSPDFAPEAHKDAHIVRSEYVLAIRGRVRPRPEGMTNPGMKTGEIEVVVSEWKLLNTSKTPPFLIEDRTEASENLRLAWRYLDLRRPRMARNFMLRHRAAQSARRYLDELDFLEIETPYLTKATPEGARDFLVPSRLNHGMFYALPQSPQIFKQLLMVSGMDRYYQIVRCFRDEDMRADRQLEFTQIDIEMSFVDEERVMSMAEGLMSRVMKDTLGVDVTVPFPRMTYDQAMGEYGVDKPDTRFDLRLKDVTDAVRGSEFKLFAKAPLVKAMRVPGGETMTRKEIDEFTEFVKIYGAQGLAWIKIREGEWQSPIAKFLSEAERAALVAALGLEVGDIVFFQAGEPGMVNAALGNLRVKLGQHLGLIPEDTYNFLWVTDFPLFEYDEEEKRYVACHHPFTSPKDGHFDLMTSDPAAARARAYDMVLNGYELGGGSIRIHSAEVQRRMFAALGLDPQEAEEKFGFLIQALEHGAPPHGGIAFGMDRLVMLLTGSPSIRDVIAFPKTQKATCLMTQAPDAVSARQLRDLGIRLRETPQEQKPE
SYDND_DINSH	RecName: Full=Aspartate--tRNA(Asp/Asn) ligase {ECO:0000255|HAMAP-Rule:MF_00044}; EC=6.1.1.23 {ECO:0000255|HAMAP-Rule:MF_00044}; AltName: Full=Aspartyl-tRNA synthetase {ECO:0000255|HAMAP-Rule:MF_00044}; Short=AspRS {ECO:0000255|HAMAP-Rule:MF_00044}; AltName: Full=Non-discriminating aspartyl-tRNA synthetase {ECO:0000255|HAMAP-Rule:MF_00044}; Short=ND-AspRS {ECO:0000255|HAMAP-Rule:MF_00044};	MHAFRTHTCAELTKDAVGQTVRLSGWVHRVRDHGGVLFIDLRDHYGMTQVLCDPDSPVFSQVEKVRSEWCIRIDGTVKARDESLINPKIPTGEIEVFIRDMEVLGTAEELPLPVFGDQEYPEETRLKYRFLDLRRESLHDNIMLRSKVVQSIRKRMWDIDFTEFQTPIITASSPEGARDFLVPSRLHPGKFYALPQAPQQFKQLIMVGGFDKYFQIAPCFRDEDPRADRSPTDFYQLDLEMSFVSQQDVFDTIQPVIAGIFEEFGGGRRVDTDWPLISYRDSALWYGTDKPDLRNPIKMQIVSDHFAGSGFAIFAKLLEQEGTEIRAIPAPGGGSRKFCDRMNKFAQEQGLPGMGYIFWRDQGQGMEAAGPLAKNIGPERTEAIRQQLGLQVGDAAFFLGGKPASFEAVAGRARTVIGEELGLIDQDRFAFAWIVDFPMYEKDDEGRIDFSHNPFSMPQGGMAALEGDPLEVLGYQYDLACNGYELVSGAIRNHKLDIMYKAFEIAGYGADEVEKRFGGMVNAFKYGPPPHGGCAAGIDRIVMLLADTANIREVIMFPMNQRAEDLMMNAPSEPTGEQLRDLSLRVIPQE
SYDND_SYNE7	RecName: Full=Aspartate--tRNA(Asp/Asn) ligase {ECO:0000255|HAMAP-Rule:MF_00044}; EC=6.1.1.23 {ECO:0000255|HAMAP-Rule:MF_00044}; AltName: Full=Aspartyl-tRNA synthetase {ECO:0000255|HAMAP-Rule:MF_00044}; Short=AspRS {ECO:0000255|HAMAP-Rule:MF_00044}; AltName: Full=Non-discriminating aspartyl-tRNA synthetase {ECO:0000255|HAMAP-Rule:MF_00044}; Short=ND-AspRS {ECO:0000255|HAMAP-Rule:MF_00044};	MRTHYCGELRAEQVGTSVTLYGWVDRRRDHGGVIFVDLRDRTGTVQIVSDPERTPESYHQAEGLRNEYVVKITGRVSGRPAESLNPKLPTGEVEIYADRIEILNAVRRQLPFQVSSADEETVREDLRLRYRYLDLRRDRMNRNLQLRHQVVKAIRRFLEDEEQFIEIETPVLTKSTPEGARDYLVPSRVNPGEWFALPQSPQLFKQLLMVSGFDRYYQIARCFRDEDLRADRQPEFTQLDMEMSFLSQEEIIDLNERLIAHIFKTVKGIELPRPFPRLTYAEAMDRYGSDRPDTRFGLELVDVSDVVADMGFKVFSGAVKSGGKVKILPIPDGNDRISNVRIKPGGDIFKEATEAGAAGLAYIRVRENGEIDTIGAIKDNLSDEQKAEILRRTQAQPGTLLLFGAGSTDIVNKSLDRVRQFLGKELGLIDPEALNLLWVVDFPMVEWNADEKRYEALHHPFTAPNPQDLEDLTTARAQAYDIVLNGLEIGGGSLRIYQRDIQERVFETIGLSHEEAQAKFGFLLEAFDFGTPPHGGIAYGLDRLVMLLTGEESIRDAIAFPKTQQARCLLTEAPADVSDRQLKELYVASTWQPPIKERD
TRPC_BACTN	RecName: Full=Indole-3-glycerol phosphate synthase {ECO:0000255|HAMAP-Rule:MF_00134}; Short=IGPS {ECO:0000255|HAMAP-Rule:MF_00134}; EC=4.1.1.48 {ECO:0000255|HAMAP-Rule:MF_00134};	MKDILSEIIANKRFEVDLQKQAISIEQLQEGINEVPASRSMKRALASSDSGIIAEFKRRSPSKGWIKQEARPEEIVPSYLAAGASALSILTDEKFFGGSLKDIRTARPLVDVPIIRKDFIIDEYQLYQAKIVGADAVLLIAAALKQEKCQELAEQAHELGLEVLLEIHSAEELPYINSKIDMIGINNRNLGTFFTDVENSFRLAGQLPQDAVLVSESGISDPEVVKRLRTAGFRGFLIGETFMKTPQPGETLQNFLKAIQ
TRPF_RHIME	RecName: Full=N-(5'-phosphoribosyl)anthranilate isomerase {ECO:0000255|HAMAP-Rule:MF_00135}; Short=PRAI {ECO:0000255|HAMAP-Rule:MF_00135}; EC=5.3.1.24 {ECO:0000255|HAMAP-Rule:MF_00135};	MKTEVKICGLKTAEAVERAVALGASHVGFIFFPKSPRNIEPDDAGRLAARARGRAKIVAVTVDADNDGLDEIVSALDPDVLQLHGSETPERVLSIKALYGLPVMKALAVREASDLERIDPYLGIVDRFLLDAKPPAGSDLPGGNGISFDWRLLDALDGSVDYMLSGGLNAGNIADALALTGARAIDTSSGVESAPGIKDLTLMEAFFEAVRRAEA
U7D9L6	SubName: Full=Diaminopimelate decarboxylase {ECO:0000313|EMBL:ERP38717.1};	MKTTTIGPNRLPVEAVQNCLRRGKTPFYLYDQGLIRKRCRLLQEMPNAFGVFPRYAMKANSTRAILQEIHAAGVGIDASSFNEVRRAEMAGIPLENMLLTTQEAPFGEDLDTLVTSIEQGLRYNICSQTQLENIAVRLAPEKRRFSIRVHPGVGSGESVTRNTGDKYSCFGVHLSDLPALLSRAHELGVVFDQVHVHIGSGGDPAVWEENIDRELGFVETYFPQATRVNFGGGFKEARMPHETAADVYKLGQTAKKKVEEFYEKTGRKLTTEVEPGNFLVANSGYLVTRVADIKQTGDQGFTFILLDGGMEVNLRPLLYGAQHPFYILDEHGTVRFDEFHTDQHCEEREDLIVVGRCCESGDSYTLQDDHAIVPRSMIRPRVGDTCIVGGVGAYCSSMTPFNYNSHEQISEYLLTERGECHCIRSRQRLEQIVQNEHSLPPA
W3Y6L2	SubName: Full=Amidohydrolase {ECO:0000313|EMBL:ETS93161.1};	MHTLQDLIKQYASQYKEQVVAWRRHIHSHPELSGEEKETSAFIQSVLTDLGIPFKADVYKYAVIGEIKGAFDGPVVGLRADMDALPITEVTGLPFTSENPGVMHACGHDSHMAILLGAAAILQSVKDQLHGTVKLVIQPAEEEALIKGAQGIVDSGVLDDVDEIYGLHVWPQLPVGTVGLKKGNLMAASDRFLVHIKGKATHGAEPHNGIDAIVAAANWIVNVESMVARETNPMDNLVCTIGVFNSGDRYNVGSGDAYLEGTCRTYDPAKRDYIERRLGESLKALDMMFGTTSTLEYRRGHGATINDADAIDYVTHIVKTYLGKDAVVHPEFPSMAAEDFSAYLNKIKGAFLWLGTGFEGNPALHNAAFTIDESILEPGITMMAGIAAELLQEK
Y1715_METAC	RecName: Full=UPF0280 protein MA_1715 {ECO:0000255|HAMAP-Rule:MF_01079};	MPEPTQKPAKEPVRAPIKEHFQLRETIVTIAADDPAHIEAAKEAIRVHRATLETYILADPYFQFTLEPYECPENAPEVVRRMVKAGNTMGIGPMSAVAGTISALAVEAMVKAGAKYAIVDNGGDIALINDRSVVVGIYAGQSPIKNLGLIFEPRDSITGVCTSAGTVGPSISFGMADAAAIFSDDVSLADAAATALGNEVGIGKEAVEVAFKVVKTVQGIKGALVIQGEYIGMWGKVPKITRAEVRHEYITKA
Y959_METJA	RecName: Full=Uncharacterized aminotransferase MJ0959; EC=2.6.1.-;	MKIDAVKKLLMIPGPTMVPPEVLNAMALPVIGHRTKDYSNLLEDTIEKLKKVFITENDTFLITGSGTAAMDMAISNIIKRGDKVLNIVTGNFGERFANIVKAYKGEAIRLDVEWGDMAEPEAVKEILDKYDDIKAVTVVHNETSTGARNPIKEIGEVVKDYDALYIVDTVSSLGGDYVNVDKFHIDICVTGSQKCLAAPPGLAAITVSEKAWEVIKKNDDKVGFYLDLLAYKKYYEEKKQTPYTPSVNLTYALNVALDLVLEEGIENRVKRHERLAKATRAGLEAMGIELFAKERARSVTVTSAKYPEGIEDSKFRGILSNKYNIVVAGGQKHLAGKIFRIGHMGICGEKEVLATLACVELALKELGFEVKESGVEVAKEVLLKE
